code,name,synonyms,unit,tables,comments,examples
10FDHF,10-formyldihydrofolate,,mcg,,,
10FFOLAC,10-formylfolic acid,,mcg,,,
FTHF5,5-formyltetrahydrofolate,"(6S)-5-formyl-5,6,7,8-tetrahydrofolic acid",mcg,,,
MDHF5,"(6R,S)-5-methyl-5,6-dihydrofolic acid",,mcg,,,
MTHF5,5-methyltetrahydrofolate,5-methyl tetrahydrofolate,mcg,,,
AAA,"amino acids, total aromatic",,mg,"USDA 523, EA, SWD","The total value is the sum of phenylalanine plus tyrosine only, in spite of the fact that tryptophan is also chemically aromatic.",
AAAN,"amino acids, total aromatic; expressed per quantity of nitrogen",,mg/g nitrogen,"EA, SWD","Phenylalanine plus tyrosine only, in spite of the fact that tryptophan is also chemically aromatic.",
AAAP,"amino acids, total aromatic; expressed per quantity of protein",,mg/100 g protein,,"Phenylalanine plus tyrosine only, in spite of the fact that tryptophan is also chemically aromatic.",
AAE-,"amino acids, total essential; unknown or variable which amino acids are included in the total",,mg,,,
AAE10A,"amino acids, total essential; includes the eight basic essential amino acids plus arginine and histidine",,mg,,Arginine and histidine are included in this definition of essential amino acids because they are essential for infants.,
AAE10AN,"amino acids, total essential; expressed per quantity of nitrogen; includes the eight basic essential amino acids plus arginine and histidine",,mg/g nitrogen,,Arginine and histidine are included in this total essential amino acid value because they are essential for infants.,
AAE10AP,"amino acids, total essential; expressed per quantity of protein; includes the eight basic essential amino acids plus arginine and histidine",,mg/100 g protein,,Arginine and histidine are included in this total essential amino acid value because they are essential for infants.,
AAE10B,"amino acids, total essential; includes the eight basic essential amino acids plus cystine and tyrosine",,mg,MW,Cystine and tyrosine are included in this definition of essential amino acids because of their sparing effects on the requirements for methionine and phenylalanine respectively.,
AAE10BN,"amino acids, total essential; expressed per quantity of nitrogen; includes the eight basic essential amino acids plus cystine and tyrosine",,mg/g nitrogen,,Cystine and tyrosine are included in this total essential amino acid value because of their sparing effects on methionine and phenylalanine respectively.,
AAE10BP,"amino acids, total essential; expressed per quantity of protein; includes the eight basic essential amino acids plus cystine and tyrosine",,mg/100 g protein,,Cystine and tyrosine are included in this total essential amino acid value because of their sparing effects on methionine and phenylalanine respectively.,
AAE12,"amino acids, total essential; includes the eight basic essential amino acids plus arginine, histidine, cystine, and tyrosine",,mg,"ETH, NE, EA",Arginine and histidine are included in this definition of essential amino acids because they are essential for infants. Cystine and tyrosine are included because of their sparing effects on the requirements for methionine and phenylalanine respectively.,
AAE12N,"amino acids, total essential; expressed per quantity of nitrogen; includes the eight basic essential amino acids plus arginine, histidine, cystine, and tyrosine",,mg/g nitrogen,"ETH, NE, EA",Arginine and histidine are included in this total essential amino acid value because they are essential for infants; cystine and tyrosine are included because of their sparing effects on methionine and phenylalanine respectively.,
AAE12P,"amino acids, total essential; expressed per quantity of protein; includes the eight basic essential amino acids plus arginine, histidine, cystine, and tyrosine",,mg/100 g protein,,Arginine and histidine are included in this total essential amino acid value because they are essential for infants; cystine and tyrosine are included because of their sparing effects on methionine and phenylalanine respectively.,
AAE7,"amino acids, total essential excluding tryptophan",,mg,,"The sum of seven out of the eight essential amino acids for man (excluding tryptophan): isoleucine, leucine, lysine, methionine, phenylalanine, threonine, and valine",
AAE8,"amino acids, total essential; includes the eight basic essential amino acids: isoleucine, leucine, lysine, methionine, phenylalanine, threonine, tryptophan, and valine",,mg,,These eight amino acids are included in all definitions of the essential amino acids for man.,
AAE8N,"amino acids, total essential; expressed per quantity of nitrogen; includes the eight basic essential amino acids: isoleucine, leucine, lysine, methionine, phenylalanine, threonine, tryptophan, and valine",,mg/g nitrogen,,,
AAE8P,"amino acids, total essential; expressed per quantity of protein; includes the eight basic essential amino acids: isoleucine, leucine, lysine, methionine, phenylalanine, threonine, tryptophan and valine",,mg/100 g protein,,,
AAE9,"amino acids, total essential (9)",,mg,,"Includes the basic essential amino acids (isoleucine, leucine, lysine, methionine, phenylalanine, threonine, tryptophan, and valine) plus histidine.",
AAEN-,"amino acids, total essential; expressed per quantity of nitrogen; unknown which amino acids are included in the total value",,mg/g nitrogen,,,
AAEP-,"amino acids, total essential; expressed per quantity of protein; unknown which amino acids are included in the total value",,mg/100 g protein,,,
AAET-,essential to total amino acid ratio; neither the numerator (which amino acids are considered essential) nor the denominator (which amino acids are included in the total) is specified,,%,,See page ? for a discussion of the denominator of this ratio.,
AAET10A,essential to total amino acid ratio; includes the eight basic essential amino acids plus arginine and histidine,,%,,Arginine and histidine are included in this essential amino acid total because they are essential for infants. See page ? for a discussion of the denominator of this ratio.,
AAET10B,essential to total amino acid ratio; includes the eight basic essential amino acids plus cystine and tyrosine,,%,,Cystine and tyrosine are included in this essential amino acid total because of their sparing effect on methionine and phenylalanine respectively. See page ? for a discussion of the denominator of this ratio.,
AAET12,"essential to total amino acid ratio; includes the eight basic essential amino acids plus arginine, histidine, cystine, and tyrosine",,%,ETH,Arginine and histidine are included in this essential amino acid total because they are essential for infants; cystine and histidine are included in the total because of their sparing effects on methionine and phenylalanine respectively. See page ? for a discussion of the denominator of this ratio.,
AAET8-,"essential to total amino acid ratio; includes the eight basic essential amino acids: isoleucine, leucine, lysine, methionine, phenylalanine, threonine, tryptophan, and valine",,%,,See page ? for a discussion of the denominator of this ratio.,
AALB,limiting amino acid; determined through biological experiment,,none,,Two pieces of data are associated with the tagname <AALB>. The first is the tagname of the limiting amino acid; the second is a keyword identifying the animal used in the biological experiments which determined the limiting amino acid.,
AALC,limiting amino acid; determined through calculation,,none,EA,The limiting amino acid is determined by comparing the quantity of each essential amino acid in the food to the quantity of the same amino acid in a reference protein or amino acid mixture. The amino acid found in the lowest ratio is the limiting amino acid. Two data items are associated with tagname <AALB>. The first is the tagname of the limiting amino acid; the second is a keyword identifying the reference protein or amino acid pattern used in calculation of the chemical (amino acid) score.,"In the FAO Food Composition Table for Use in East Asia, lysine is listed as the limiting amino acid in sesame seeds. This determination was made through calculations of chemical score using the FAO reference protein pattern recommended in 1973. Therefore, the <AALC> tagname would be used to convey this information in the following manner:\n<AALC> LYS FAO73 </AALC>\nNote# In this example, </AALC> is an end-tag required in interchange format to indicate the end of the information about the limiting amino acid. See the INFOODS Data Interchange Handbook for details on interchange format."
AANE,"amino acids, total non-essential",,mg,,"Sum of 11 non-essential amino acids: alanine, asparagine, aspartic acid, cysteine, glutamic acid, glycine, hydroxyproline and hydroxylysine, proline, serine, tyrosine (from Slovak)",
AAS,"amino acids, total sulphur-containing",,mg,"USDA 522, NE, EA, SWD",The total value is the sum of cystine plus methionine.,
AASN,"amino acids, total sulphur-containing; expressed per quantity of nitrogen",,mg/g nitrogen,"NE, EA, SWD",Cystine plus methionine.,
AASP,"amino acids, total sulphur-containing; expressed per quantity of protein",,mg/100 g protein,,Cystine plus methionine.,
AAT-,"amino acids, total, precise definition not specified",,mg,"SFK, ETH, NE, EA","When total amino acids are reported, they are usually the sum of whatever amino acids were analysed for that particular food. Consequently, this term is not precisely defined. Additional tagnames will be introduced when precise definitions exist. See page ? for additional discussion.",
AAT19,sum of 19 amino acids (excluding tryptophan),,mg,,"Sum of 19 amino acids (excluding tryptophan): alanine, arginine, asparagine, aspartic acid, cysteine, glutamic acid, glutamine, glycine, histidine, isoleucine, leucine, lysine, methionine, phenylalanine, proline, serine, threonine, tyrosine and valine.",
AAT20,sum of 20 amino acids,,mg,,"Sum of all 20 amino acids: alanine, arginine, asparagine, aspartic acid, cysteine, glutamic acid, glutamine, glycine, histidine, isoleucine, leucine, lysine, methionine, phenylalanine, proline, serine, threonine, tryptophan, tyrosine and valine.",
AAT24,"amino acids, total",,mg,,"Sum of all 24 amino acids: alanine, arginine, asparagine, aspartic acid, cysteine, glutamic acid, glutamine, glycine, histidine, hydroxylysine, hydroxyproline, isoleucine, leucine, lysine, methionine, ornithine, phenylalanine, proline, serine, taurine, threonine, tryptophan, tyrosine and valine.",
AATN,"amino acids, total; expressed per quantity of nitrogen",,mg/g nitrogen,"ETH, NE, EA",,
AATP,"amino acids, total; expressed per quantity of protein",,mg/100 g protein,,,
ACEAC,acetic acid,,mg,"USDA 230, SFK",,
ACESK,acesulfam-k,,mg,,From EuroFIR,
ACONAC,aconitic acid,,mg,,Added when handling USDA data,
ADEN,adenine,,mg,,from Slovak table,
AG,silver,,mcg,USDA 378,,
AGAR,agar-agar,agar,g,,,
AL,aluminium,aluminum,mcg,"USDA 348, SFK",,
ALA,alanine,,mg,"USDA 513, SFK, ETH, NE, EA, DAN, SWD",Includes only L-alanine.,
ALAN,alanine; expressed per quantity of nitrogen,,mg/g nitrogen,"MW, ETH, NE, EA, DAN, SWD",,
ALAP,alanine; expressed per quantity of protein,,mg/100 g protein,,,
ALBU,albumin,,mg,,,
ALC,alcohol,ethanol; ethyl alcohol,g,"USDA 221, MW, DAN",,
ALGL,albumin and globulin,,mg,SFK,,
ALGNT,alginates,,g,,,
AMMON,ammonia,,mg,USDA 519,,
AMYP,amylopectin,,g,USDA 219,,
AMYPM,amylopectin; expressed in monosaccharide equivalents,,g,,,
AMYS,amylose,,g,,,
AMYSM,amylose; expressed in monosaccharide equivalents,,g,,,
ANTCYAN,"anthocyanidin, total",,mcg,,A flavonoid with a positively charged oxygen in the pyran moiety; has 5 double bonds in the benzopyran group (NCI); in free form and not as glycosides.,
APIGEN,apigenin,,mcg,,A flavone with one hydroxyl group on the B-ring and a second hydroxyl group on the A-ring.,
ARAFB,arabinose in dietary fibre,,mg,,,
ARAN,arabinan,,g,,,
ARAS,arabinose,,g,SFK,L-arabinose only; includes only the free monosaccharide.,
ARG,arginine,,mg,"USDA 511, SFK, ETH, NE, EA, DAN, SWD",Includes only L-arginine.,
ARGHIS,Sum of arginine + histidine,,mg,,Sum of arginine and histidine (from Slovak).,
ARGN,arginine; expressed per quantity of nitrogen,,mg/g nitrogen,"MW, IND, ETH, NE, EA, DAN, SWD",,
ARGP,arginine; expressed per quantity of protein,,mg/100 g protein,,,
AS,arsenic,arsenic,mcg,USDA 350,,
AS3+,arsenic 3+,arsenic iii,mcg,,,
AS5+,arsenic 5+,arsenic v,mcg,,,
ASCDL,L-dehydroascorbic acid,vitamin C; dehydro ascorbic acid,mg,,,
ASCL,L-ascorbic acid,vitamin C; reduced ascorbic acid,mg,"USDA 402, SWD",,
ASH,ash,minerals,g,"USDA 207, SKF, ETH, EGP, IND, NE, EA, PRC, DAN, SWD",,
ASIO,"arsenic, inorganic",,mcg,,GEMS/Foods code 174,
ASN,asparagine,,mg,"USDA 525, SFK",Includes only L-asparagine.,
ASNN,asparagine; expressed per quantity of nitrogen,,mg/g nitrogen,"MW, ETH, NE, EA",,
ASNP,asparagine; expressed per quantity of protein,,mg/100 g protein,,,
ASO,"arsenic, organic",,mcg,,,
ASP,aspartic acid,,mg,"USDA 514, SFK, ETH, NE, EA, DAN, SWD",Includes only L-aspartic acid.,
ASPM,aspartame,,mg,,From EuroFIR,
ASPN,aspartic acid; expressed per quantity of nitrogen,,mg/g nitrogen,"MW, ETH, NE, EA, DAN, SWD",,
ASPP,aspartic acid; expressed per quantity of protein,,mg/100 g protein,,,
ATX,astaxanthin,,mcg,,NCI,
AU,gold,,mcg,USDA 363,,
AVED5,delta 5-avenasterol,delta 5-avenastenol,mg,"USDA 649, SFK, FRN",,
AVED7,delta 7-avenasterol,avenasterol; delta 7-avenastenol,mg,"USDA 648, SFK, FRN",,
AVEDT,"avenasterol, total",,mg,,From COST,
B,boron,,mcg,"USDA 354, SFK, PRC",,
BA,barium,,mcg,USDA 351,,
BE,beryllium,,mcg,,Added when handling USDA data,
BENAC,benzoic acid,,mg,"USDA 232, SFK",,
BETN,betaine,,,,,
BI,bismuth,,mcg,,non essential trace element. (From Slovak table),
BIOCHANA,biochanin A,,mg,,Added when handling USDA data,
BIOT,biotin,vitamin H,mcg,"USDA 416, SFK, MW, DAN, SWD",,
BR,bromine,,mcg,,Added when handling USDA data,
BRASTR,brassicasterol,,mg,"USDA 640, SFK, FRN",,
BRD,bromide,,mcg,NZ,,
CA,calcium,,mg,"USDA 301, SFK, MW, ETH, EGP, IND, NE, EA, PRC, DAN, SWD",,
CAD,"calcium, added",,mg,,Added when handling USDA data,
CADAVT,cadaverine,,mcg,,From EuroFIR,
CAFFAC,caffeic acid,,mg,,Added when handling USDA data,
CAFFN,caffeine,,mg,"USDA 262, SFK",,
CAMD5,delta 5-campesterol,campesterol; delta 5- campestenol,mg,"USDA 639, SFK, FRN",,
CAMD7,delta 7-campesterol,delta 7- campestenol,mg,FRN,,
CAMSTL,campestanol,,mg,,Added when handling USDA data,
CAMT,"campesterol, total",campesterol,mg,,From COST,
CAN,"calcium, natural",intrinsic,mg,,Added when handling USDA data,
CAPSA,capsaicin,,,,From Pennington’s article,
CARGN,carageenan,,g,,,
CAROT,"carotene, total",vitamin A precursors,mcg,"SFK, MW, PRC",All-trans carotene only.,
CARTA,alpha-carotene,,mcg,USDA 322,All-trans alpha-carotene only.,
CARTB,beta-carotene,,mcg,"USDA 321, DAN",All-trans beta-carotene only.,
CARTBCIS,"beta-carotene, cis",,mcg,,"From EuroFIR. Use for the total of beta-carotene cis isomers The main cis isomers detected in foods are the 13-cis and 9-cis forms, although other forms have also been found (mainly 15-cis and various di-cis isomers)",
CARTBEQ,beta-carotene equivalents,provitamin A carotenoids,mcg,"USDA 320, NE, EA",This value is the sum of the beta-carotene plus � the quantity of the other carotenoids with vitamin A activity.,
CARTBT,trans-beta-carotene,,mg,,Added when handling USDA data,
CARTG,gamma-carotene,,mcg,USDA 332,All-trans gamma-carotene only.,
CARTOID,"carotenoids, total",,mcg,,"cis and trans carotenoids, including non provitamin a carotenoids. This class includes carotenes, xanthophylls and may also include certain compounds that arise from rearrangement of the skeleton of ψ,ψ-carotene or by loss of part of this structure. Retinoids are excluded.",
CASN,casein,,mg,SFK,,
CATEC,"catechins, total",catechin,mcg,,From COST and Pennington’s article,
CATECGAL,(+)-catechin 3-gallate,catechin gallate,mcg,,,
CD,cadmium,,mcg,USDA 356,,
CELLO,cellobiose,,g,,,
CELLU,cellulose,,g,"USDA 225, SFK, DAN, SWD",,
CHELIDAC,chelidonic acid,,mg,,Added when handling USDA data,
CHEMSC,chemical score,"protein score, amino acid score",none,"ETH, EA",Chemical score is the ratio of the quantity of the limiting amino acid in the food per quantity of this same amino acid in the protein of egg or a standard amino acid reference mixture.,"In the FAO Food Composition Table For Use in East Asia, the chemical score for sesame seeds is listed as 58 (this is a percentage: 0.58 x 100). The value was calculated using the 1973 FAO reference protein pattern. This information would be conveyed using the <CHEMSC> tagname in the following"
CHITIN,chitin,,g,,from Slovak table,
CHLNP,phosphatidyl choline,lecithin,g,"USDA 662, SFK",,
CHLRAC,chlorogenic acid,,mg,"USDA 234, SFK",,
CHO-,"carbohydrate, total; method of determination unknown or variable",,g,,,
CHOAVL,"carbohydrate, available",,g,SFK,"This value includes the free sugars plus dextrins, starch, and glycogen.",
CHOAVL-,"carbohydrate, available; method unknown or variable",,g,,This tag should be used if method is unknown or undocumented; may also be used if combinations of methods are used to calculate a mean.,
CHOAVLDF,"carbohydrate, available; calculated by difference",,g,,"This value is calculated: 100 g minus total grams of water, protein, fat, alcohol, ash and dietary fibre; or CHOCDF – dietary fibre.",
CHOAVLM,"carbohydrate, available; expressed in monosaccharide equivalents",,g,MW,"This value includes the free sugars plus dextrins, starch, and glycogen.",
CHOCAL,cholecalciferol,vitamin D-3 D3 D3,mcg,DAN,Naturally occurring form.,
CHOCALDOH,"1,25 dihydroxycholecalciferol",calcitriol,mcg,,,
CHOCALOH,25-hydroxycholecalciferol,"calcidiol, calcifediol, 25-hydroxycholecalciferol, or 25–hydroxy–vitamin D",mcg,,Found in the Danish table,
CHOCDF,"carbohydrate, total; calculated by difference",,g,"USDA 205, ETH, EGP, IND, NE, EA, DAN, SWD","This value is calculated using the following formula: 100 g minus total grams of water, protein, fat, and ash Note# This is not the preferred method of calculating total carbohydrate. Calculation by summation is preferred.",
CHOCSM,"carbohydrate, total; calculated by summation",,g,USDA 254,"This value is the sum of the sugars, starches, oligosaccharides, and carbohydrate dietary fibre.",
CHOL-,cholesterol; method of determination unknown or variable,,mg,,,
CHOLC,cholesterol; determined by chemical method (classical),cholesterol,mg,,,
CHOLE,cholesterol; determined by enzymatic or chromatographic method,,mg,MW,,
CHOLM,24-methylcholest-7-erol,,mg,"USDA 651, SFK, FRN",,
CHOLME,24-methylene cholesterol,,mg,,,
CHOLN,"choline, total",,mg,"USDA 421, SFK, IND",,
CHOLNF,"choline, free",,,USDA 450,,
CHOLNGPC,choline from glycerophosphocholine,,,,,
CHOLNPC,choline from phosphocholine,,,,,
CHOLNPTC,choline from phosphatidylcholine Units: mg,,,,,
CHOLNSM,choline from sphingomyelin,,,,,
CHRPRO,chromoproteins,,mg,,"class of conjugated proteins, such as hemoglobin, that contains a pigmented prosthetic group, such as heme. From Slovak table",
CHRYSRL,chrysoeriol,,mg,,Added when handling USDA data,
CINAC,cinnamic acid,,mg,,Added when handling USDA data,
CITAC,citric acid,,mg,"USDA 236, SFK",,
CLD,chloride,chlorine,mg\n; mmol,"USDA 302, SFK, MW, IND, PRC",,
CO,cobalt,,mcg,"USDA 311, SFK, IND, EA, PRC",,
CO2+,cobalt 2+,,mcg,,,
CO2F,"carbon dioxide, free",,mg,,From EuroFIR,
CO3+,cobalt 3+,,mcg,,,
COLG,collagen,,mg,,,
CONPRO,connective tissue protein,,mg,SFK,This term is not precisely defined in the table in which it appears. The tagname should be construed as ``connective tissue protein as the term is used by Souci- Fachmann-Kraut''.,
COUMEST,coumestrol,"chrysanthin, coumestrol, cumoesterol, cumoestrol, cumostrol,",mcg,,From EuroFIR,
CR,chromium,,mcg,"USDA 310, SFK, DAN, SWD",,
CR3+,chromium 3+,,mcg,,,
CR6+,chromium 6+,,mcg,,,
CREATN,creatinine,,mg,SFK,,
CRYPX,cryptoxanthin,,mcg,USDA 334,,
CRYPXA,alpha-cryptoxanthin,,mcg,,-,
CRYPXB,beta-cryptoxanthin,,mcg,,-,
CS,cesium,caesium,,,Non essential trace element. (From Slovak table) includes cesium (isotope 133),
CS137,cesium-137,,,,GEMS/Foods code 137,
CTX,canthaxanthin,,mcg,,non provitamin A carotenoid,
CU,copper,,mg,"USDA 312, SFK, MW, EA, PRC, DAN, SWD",,
CU1+,copper 1+,"cuprous, copper i",mg,,,
CU2+,copper 2+,"cupric, copper ii",mg,,,
CYAD,cyanidin,,mcg,,"An anthocyanidin with hydroxyl groups at C-3, -5, -7, -3', and -4'; in free form and not as glycosides.",
CYAN,cyanide,,,NZ,,
CYCL,cyclamate,,mcg,,From EuroFIR,
CYS,cystine,,mg,"USDA 507, SFK, ETH, NE, EA, DAN, SWD","Cysteine is often the natural form, which is converted to cystine during chromatography; includes only the L-amino acid.",
CYSN,cystine; expressed per quantity of nitrogen,,mg/g nitrogen,"MW, IND, ETH, NE, EA, DAN, SWD",,
CYSP,cystine; expressed per quantity of protein,,mg/100 g protein,,,
CYSTE,cysteine,,mg,,From EuroFIR. Use only for L-cysteine,
DAIDZN,daidzin,,mcg,,,
DAIDZNA,acetyl-daidzin,,mcg,,,
DAIDZNM,malonyl-daidzin,,mcg,,,
DDZEIN,daidzein,,mcg,,,
DELPH,delphinidin,,mcg,,"An anthocyanidin with hydroxyl groups at C-3, -5, -7, -3', -4', and -5'; in free form and not as glycosides.",
DEN,density,,"mass per unit volume, unit usually g/cubic cm",,,
DEXTN,dextrins,,g,SFK,,
DEXTNM,dextrins; expressed in monosaccharide equivalents,,g,MW,,
DGLY,"diglycerides, total",,g,USDA 656,,
DHF,"7,8-dihydrofolic acid;",,mcg,,,
DISAC,"disaccharides, total",,g,,,
DISACM,"disaccharides, total; expressed in monosaccharide equivalents",,g,,,
DM,dry matter,,g,,,
DOPN,dopamine,,mg,SFK,,
DSMTN,diosmetin,,mg,,Added when handling USDA data,
EDIBLE,edible portion,,%,,"The ‘edible portion’ is defined as (100 – refuse), where refuse is the inedible weight as a percent taken away from the “as purchased” or “as acquired” food before analysing the 100g edible part. If another definition is used, it should be specified.",
EGT,ergothioneine,,mg,,Added when handling USDA data,
ELAN,elastin,,mg,,from Slovak table,
ELLAC,ellagic acid,,mg,,Added when handling USDA data,
ENER-,energy; method of determination unknown or variable,kilojoules; kilocalories; Calories; food energy,kJ; kcal,,The <ENER-> tagname should be used if it is not known whether the energy value represents gross energy or total metabolizable energy. It should also be used if it is known that the energy value was calculated from the proximate components but the conversion factors used are unknown. (It is meaningless to have <ENER-> in combination with either <ENERA> or <ENERC> for a given food item.),
ENERA,"energy, gross; determined by direct analysis using bomb calorimetry",kilojoules; kilocalories; Calories; food energy,kJ; kcal,,,
ENERC,"energy, total metabolizable; calculated from the energy-producing food components",kilojoules; kilocalories; Calories; food energy,kJ; kcal,"MW, EGP, IND, USDA 208 and 268, ETH, NE, EA","In addition to a value for the quantity of total metabolizable energy, <ENERC> includes a description or listing of the conversion factors used to calculate this energy value from the proximate quantities. The conversion factors may be described by a keyword, or the conversion factors may be listed using secondary tagnames within <ENERC>. (More than one <ENERC> tagname may exist for a single food item if the values were calculated from the proximate components using different conversion factors.)","The 76 kcal/100 g energy value for whole cow's milk in the Ethiopian food table was calculated from proximate values using conversion factors from the USDA Agriculture Handbook No. 8. Therefore, the energy value would be listed using the <ENERC> tagname and the USDA keyword, with the kilocalorie unit stated with the secondary tagname <UNIT/> to replace the default unit of kilojoules:\n<ENERC> 76 USDA <UNIT/> kcal </UNIT/> </ENERC>\n\nThe 272 kJ/100 g energy value for fresh, whole cow's milk in the McCance and Widdowson food table was calculated with the kilojoule conversion factors that use available carbohydrate. Therefore, the energy value would be listed using the <ENERC> tagname and the KJA keyword:\n<ENERC> 272 KJA </ENERC>\n\nIf an energy value expressed in kilocalories were calculated for whole cow's milk using conversion factors for protein, fat, and total carbohydrate, and these conversion factors did not conform to any of the factors described by the available keywords, the energy value would be listed using the <ENERC> tagname and the <XP>, <XF> and <XCT> secondary tagnames. The kilocalorie unit would be stated with the secondary tagname <UNIT/> to replace the default unit of kilojoules:\n<ENERC> 76.42 <XP> 4.3 <XF> 8.8 <XCT> 3.9 <UNIT/> kcal </UNIT/> </ENERC>\nNote# In these examples, </UNIT/> and </ENERC> are end-tags required in interchange format to indicate the end of the unit and energy information. See the INFOODS Data Interchange Handbook for details on interchange format."
ENERCAWG,energy (atwater general factors),,kJ; kcal,,,
ENERCAWS,energy (atwater specific factors),,kJ; kcal,,,
ENERPA,"energy, percent contributed by alcohol",,%,,,
ENERPC,"energy, percent contributed by carbohydrate",,%,,,
ENERPDF,"energy, percent contributed by dietary fibre",,%,,,
ENERPF,"energy, percent contributed by fat",,%,,,
ENERPP,"energy, percent contributed by protein",,%,,,
ENERPSA,"energy, percent contributed by added sugar",,%,,,
ENERPSN,"energy, percent contributed by natural sugar",,%,,,
EPICATEC,epicatechin,,mcg,,A catechin with the R configuration at C-2 and C-3.(NCI),
EPICATECG3,epicatechin-3-gallate,,mcg,,A (-)-epicatechin with a galloyloxy (trihydroxybenzoyloxy) group instead of the hydroxyl group at C-3; (-)-epicatechin esterified with gallic acid (trihydroxybenzoid acid) at C-3. (NCI),
EPICATEGC,epigallocatechin,,mcg,,A (-)-epicatechin with a hydroxyl group at C-5'. (NCI),
EPICATGC3GAL,epigallocatechin-3-gallate,,mg,,Added when handling USDA data,
ERG5D7DIENOL,"ergosta-5,7-dienol",,mg,,Added when handling USDA data,
ERG7D22DIENOL,"ergosta-7,22-dienol",,mg,,Added when handling USDA data,
ERG7ENOL,ergosta-7-enol,,mg,,Added when handling USDA data,
ERGCAL,ergocalciferol,vitamin D-2 D2 D2,mcg,,,
ERGCALOH,25-hydroxyergocalciferol,,mcg,,,
ERGSTR,ergosterol,provitamin D2,mcg,,,
ERIODIC,eriodictyol,,mg,,Added when handling USDA data,
ERYTHL,erythritol,,mg,,"from Slovak table. Erythritol (butane-1,2,3,4-tetraol) is a natural sugar alcohol",
ETHAM,"ethanolamines, total",,g,SFK,,
F10D0,fatty acid 10:0,capric acid; decanoic acid; fatty acid sfa 10:0,g,"USDA 610, SFK, PRC, FRN, DAN, SWD",,
F10D0F,fatty acid 10:0; expressed per quantity of total fatty acids,capric acid; decanoic acid,g/100 g fatty acid,"MW, FRN, DAN, SWD",,
F10D1,fatty acid 10:1,fatty acid mufa 10:1,,NZ,,
F10D1F,fatty acid 10:1; expressed per quantity of total fatty acids,,g/100 g fatty acid,NZ,,
F11D0,fatty acid 11:0,undecanoic acid; fatty acid sfa 11:0,g,,Added when handling USDA data,
F12D0,fatty acid 12:0,lauric acid; dodecanoic acid; fatty acid sfa 12:0,g,"USDA 611, SFK, NE, PRC, FRN, DAN, SWD",,
F12D0F,fatty acid 12:0; expressed per quantity of total fatty acids,lauric acid; dodecanoic acid,g/100 g fatty acid,"MW, NE, FRN, DAN, SWD",,
F12D1,fatty acid 12:1,lauroleic acid; fatty acid mufa 12:1,g,FRN,,
F12D1F,fatty acid 12:1; expressed per quantity of total fatty acids,lauroleic acid,g/100 g fatty acid,FRN,,
F13D0,fatty acid 13:0,tridecanoic acid; fatty acid sfa 13:0,g,"USDA 696, FRN",,
F13D0F,fatty acid 13:0; expressed per quantity of total fatty acids,tridecanoic acid,g/100 g fatty acid,FRN,,
F14D0,fatty acid 14:0,myristic acid; tetradecanoic acid; fatty acid sfa 14:0,g,"USDA 612, SFK, NE, PRC, FRN, DAN, SWD",,
F14D0F,fatty acid 14:0; expressed per quantity of total fatty acids,myristic acid; tetradecanoic acid,g/100 g fatty acid,"MW, NE, FRN, DAN, SWD",,
F14D1,fatty acid 14:1,fatty acid mufa 14:1,g,"USDA 625, PRC, FRN, DAN",,
F14D1C,fatty acid 14:1 cis n-5,myristoleic acid; tetradecenoic acid; fatty acid 14:1 14:1 mufa cfa c,g,"USDA 625, PRC, FRN, DAN",,
F14D1F,fatty acid 14:1; expressed per quantity of total fatty acids,myristoleic acid; tetradecenoic acid,g/100 g fatty acid,"FRN, DAN",,
F14D1T,fatty acid 14:1 trans n-5,myristelaidic acid; fatty acid mufa tfa t,g,"USDA 625, PRC, FRN, DAN",,
F15D0,fatty acid 15:0,pentadecylic acid; pentadecanoic acid; fatty acid sfa 15:0,g,"USDA 652, PRC, FRN, DAN",,
F15D0F,fatty acid 15:0; expressed per quantity of total fatty acids,pentadecylic acid; pentadecanoic acid,g/100 g fatty acid,"FRN, DAN",,
F15D1,fatty acid 15:1,pentadecenoic acid; fatty acid mufa 15:1,g,"FRN, DAN",,
F15D1F,fatty acid 15:1; expressed per quantity of total fatty acids,pentadecenoic acid,g/100 g fatty acid,"FRN, DAN",,
F15D1N9,fatty acid 15:1 n-9,,g,,,
F15D1N9F,fatty acid 15:1 n-9,,g/100g total fatty acid,,,
F16D0,fatty acid 16:0,palmitic acid; hexadecanoic acid; fatty acid sfa 16:0,g,"USDA 613, SFK, NE, EA, PRC, FRN, DAN, SWD",,
F16D0F,fatty acid 16:0; expressed per quantity of total fatty acids,palmitic acid; hexadecanoic acid,g/100 g fatty acid,"MW, NE, FRN, DAN, SWD",,
F16D1,fatty acid 16:1,palmitoleic acid; hexadecenoic acid; fatty acid mufa 16:1,g,"USDA 626, SFK, NE, PRC, FRN, DAN, SWD",,
F16D1C,fatty acid cis 16:1,cfa c,g,USDA 673,,
F16D1F,fatty acid 16:1; expressed per quantity of total fatty acids,palmitoleic acid; hexadecenoic acid,g/100 g fatty acid,"MW, NE, FRN, DAN, SWD",,
F16D1T,fatty acid trans 16:1,tfa t,g,USDA 662,,
F16D2,fatty acid 16:2,fatty acid pufa 16:2,g,,Hexadecadienoic Acid. A polyunsaturated fatty acids with 16 carbons and 2 double bonds.,
F16D2N4,fatty acid 16:2 n-4,,g,,,
F16D2N4F,fatty acid 16:2 n-4,,g/100g total fatty acid,,,
F16D2N7,fatty acid 16:2 n-7,,g,,,
F16D2N7F,fatty acid 16:2 n-7,,g/100g total fatty acid,,,
F16D3,fatty acid 16:3,fatty acid pufa 16:3,g,,Hexadecatrienoic Acid. A polyunsaturated fatty acids with 16 carbons and 3 double bonds.,
F16D3N3,fatty acid 16:3 n-3,,g,,,
F16D3N3F,fatty acid 16:3 n-3,,g/100g total fatty acid,,,
F16D3N4,fatty acid 16:3 n-4,,g,,,
F16D3N4F,fatty acid 16:3 n-4,,g/100g total fatty acid,,,
F16D4N1,fatty acid 16:4 n-1,,g,,,
F16D4N1F,fatty acid 16:4 n-1,,g/100g total fatty acid,,,
F16D4N4,fatty acid 16:4 n-4,,g,,,
F16D4N4F,fatty acid 16:4 n-4,,g/100g total fatty acid,,,
F17D0,fatty acid 17:0,margaric acid; heptadecanoic acid; fatty acid sfa 17:0,g,"USDA 653, SFK, PRC, FRN, DAN",,
F17D0F,fatty acid 17:0; expressed per quantity of total fatty acids,margaric acid; heptadecanoic acid,g/100 g fatty acid,"FRN, DAN",,
F17D1,fatty acid 17:1,fatty acid mufa 17:1,g,"USDA 687, FRN, DAN",,
F17D1C,fatty acid 17:1 cis,heptadecenoic acid; mufa cfa c,g,"USDA 687, FRN, DAN",,
F17D1F,fatty acid 17:1; expressed per quantity of total fatty acids,heptadecenoic acid,g/100 g fatty acid,"FRN, DAN",,
F17D1T,fatty acid 17:1 trans,trans-10-heptadecenoic acid; mufa tfa t,g,"USDA 687, FRN, DAN",,
F18D0,fatty acid 18:0,stearic acid; octadecanoic acid; fatty acid sfa 18:0,g,"USDA 614, SFK, NE, EA, PRC, FRN, DAN, SWD",,
F18D0F,fatty acid 18:0; expressed per quantity of total fatty acids,stearic acid; octadecanoic acid,g/100 g fatty acid,"MW, NE, FRN, DAN, SWD",,
F18D1,fatty acid 18:1,oleic acid; octadecenoic acid; fatty acid mufa 18:1,g,"USDA 617, FRN, DAN, SWD",,
F18D1C,fatty acid cis 18:1,18:1 cis cfa c,g,USDA 674,,
F18D1CN9,fatty acid 18:1 cis n-9,,g,,,
F18D1CN9F,fatty acid 18:1 cis n-9,,g/100g total fatty acid,,,
F18D1F,fatty acid 18:1; expressed per quantity of total fatty acids,oleic acid; octadecenoic acid,g/100 g fatty acid,"FRN, DAN, SWD",,
F18D1N7,fatty acid 18:1 n-7,,g,NZ,,
F18D1N7F,fatty acid 18:1 n-7; expressed per quantity of total fatty acids,,g/100 g fatty acid,NZ,,
F18D1N9,fatty acid 18:1 n-9,,g,NZ,,
F18D1N9F,fatty acid 18:1 n-9; expressed per quantity of total fatty acids,,g/100 g fatty acid,NZ,,
F18D1T,fatty acid trans 18:1,tfa t,g,USDA 663,,
F18D1TN9,fatty acid trans 18:1 n-9,elaidic acid; octadecenoic acid; tfa t,g,"SFK, NE, EA, FRN",,
F18D1TN9F,fatty acid trans 18:1 n-9; expressed per quantity of total fatty acids,elaidic acid; octadecenoic acid,g/100 g fatty acid,"MW, NE, FRN",,
F18D2,fatty acid 18:2,fatty acid pufa 18:2,g,"USDA 618, NZ",,
F18D2C,fatty acid 18:2 cis c,fatty acid pufa 18:2 cis c,g,"USDA 618, NZ",,
F18D2CLA,fatty acid 18:2 cla clas,fatty acid pufa 18:2 cla clas,g,"USDA 618, NZ",,
F18D2CN3,fatty acid 18:2cis n-3,cfa c,g,,,
F18D2CN3F,fatty acid 18:2cis n-3,,g,,,
F18D2CN6,"fatty acid cis,cis 18:2 n-6",linoleic acid; octadecadienoic acid; cfa c,g,"USDA 675, SFK, NE, EA, PRC, FRN, DAN, SWD",,
F18D2CN6F,"fatty acid cis,cis 18:2 n-6; expressed per quantity of total fatty acids",linoleic acid; octadecadienoic acid,g/100 g fatty acid,"MW, NE, FRN, DAN, SWD",,
F18D2F,fatty acid 18:2; expressed per quantity of total fatty acids,,g/100 g fatty acid,NZ,,
F18D2N4,fatty acid 18:2 n-4,,g,,,
F18D2N4F,fatty acid 18:2 n-4,,g/100g total fatty acid,,,
F18D2N6,"fatty acid 18:2, n-6",,g,,,
F18D2N6F,"fatty acid 18:2, n-6",,g/100g total fatty acid,,,
F18D2N9,fatty acid 18:2 n-9,,g,,,
F18D2N9F,fatty acid 18:2 n-9,,g/100g total fatty acid,,,
F18D2T,fatty acid 18:2 trans,pufa trans tfa t,g,,,
F18D2TN6,fatty acid 18:2 trans n-6,linolelaidic acid; tfa t,g,,,
F18D2TN6F,fatty acid 18:2trans n-6,,g/100g total fatty acid,,,
F18D3,fatty acid 18:3,fatty acid pufa 18:3 18:3i,g,"USDA 619, NZ",,
F18D3C,fatty acid 18:3 cis,fatty acid pufa 18:3 cis cfa c,,,,
F18D3CN3,"fatty acid cis, cis, cis 18:3 n-3",cfa c,g,USDA 851,,
F18D3F,fatty acid 18:2; expressed per quantity of total fatty acids,,g/100 g fatty acid,NZ,,
F18D3N3,fatty acid 18:3 n-3,alpha-linolenic acid; octadecatrienoic acid,g,"SFK, NE, EA, PRC, FRN, DAN, SWD",,
F18D3N3F,fatty acid 18:3 n-3; expressed per quantity of total fatty acids,alpha-linolenic acid; octadecatrienoic acid,g/100 g fatty acid,"MW, NE, FRN, DAN, SWD",,
F18D3N6,fatty acid 18:3 n-6,gamma-linolenic acid,g,FRN,,
F18D3N6F,fatty acid 18:3 n-6; expressed per quantity of total fatty acids,gamma-linolenic acid,g/100 g fatty acid,FRN,,
F18D3T,fatty acid 18:3 t,linolenelaidic acid; 18:3 tfa t,g,"USDA 619, NZ",,
F18D4,fatty acid 18:4,parinaric acid; stearidonic acid; octadecatetraenoic acid; fatty acid pufa 18:4,g,"USDA 627, NE, FRN",,
F18D4F,fatty acid 18:4; expressed per quantity of total fatty acids,parinaric acid; stearidonic acid; octadecatetraenoic acid,g/100 g fatty acid,"NE, FRN",,
F18D4N3,fatty acid 18:4 n-3,,g,FRN,,
F18D4N3F,fatty acid 18:4 n-3; expressed per quantity of total fatty acids,,g/100 g fatty acid,FRN,,
F19D0,fatty acid 19:0,fatty acid sfa 19:0,g,,,
F19D0F,fatty acid 19:0,,"g/100g total fatty acid, nonadecanoic acid",,,
F19D1N7,fatty acid 19:1 n-7,,g,,,
F19D1N7F,fatty acid 19:1 n-7,,g/100g total fatty acid,,,
F20D0,fatty acid 20:0,arachidic acid; eicosanoic acid; fatty acid sfa 20:0,g,"USDA 615, SFK, PRC, FRN, DAN, SWD",,
F20D0F,fatty acid 20:0; expressed per quantity of total fatty acids,arachidic acid; eicosanoic acid,g/100 g fatty acid,"MW, FRN, DAN, SWD",,
F20D1,fatty acid 20:1,fatty acid mufa 20:1,g,"USDA 628, NE, PRC, FRN, DAN, SWD",,
F20D1F,fatty acid 20:1; expressed per quantity of total fatty acids,gadoleic acid; eicosenoic acid,g/100 g fatty acid,"MW, NE, FRN, DAN, SWD",,
F20D1C,fatty acid 20:1 cis,fatty acid mufa 20:1 cis c,g,"USDA 628, NE, PRC, FRN, DAN, SWD",,
F20D1N11,fatty acid 20:1 n-11,,g,,,
F20D1N11F,fatty acid 20:1 n-11,,g/100g total fatty acid,,,
F20D1N7,fatty acid 20:1 n-7,,g,,,
F20D1N7F,fatty acid 20:1 n-7,,g/100g total fatty acid,,,
F20D1N9,fatty acid 20:1 n-9,,g,,,
F20D1N9F,fatty acid 20:1 n-9,,g/100g total fatty acid,,,
F20D1T,fatty acid 20:1 trans,mufa tfa t,g,"USDA 628, NE, PRC, FRN, DAN, SWD",,
F20D2,fatty acid 20:2,eicosadienoic acid; fatty acid pufa 20:2,g,"PRC, FRN",,
F20D2CN6,"fatty acid cis, cis 20:2 n-6",cfa c,g,USDA 672,,
F20D2F,fatty acid 20:2; expressed per quantity of total fatty acids,eicosadienoic acid,g/100 g fatty acid,FRN,,
F20D2N6,fatty acid 20:2 n-6,,g,,,
F20D2N6F,fatty acid 20:2 n-6,,g/100g total fatty acid,,,
F20D3,fatty acid 20:3,eicosatrienoic acid; fatty acid pufa 20:3,g,"USDA 689, FRN, DAN",,
F20D3F,fatty acid 20:3; expressed per quantity of total fatty acids,eicosatrienoic acid,g/100 g fatty acid,"FRN, DAN",,
F20D3C,fatty acid 20:3 cis,pufa cis cfa c,g,"USDA 689, FRN, DAN",,
F20D3N3,fatty acid 20:3 n-3,,g,,,
F20D3N3F,fatty acid 20:3 n-3,,g/100g total fatty acid,,,
F20D3N6,fatty acid 20:3 n-6,homogammalinolenic,g,USDA 853,,
F20D3N6F,fatty acid 20:3 n-6,,"g/100g total fatty acid, homogammalinolenic",,,
F20D3N9,fatty acid 20:3 n-9,,g,,,
F20D3N9F,fatty acid 20:3 n-9,,g/100g total fatty acid,,,
F20D4,fatty acid 20:4,arachidonic acid 20:4c; fatty acid pufa 20:4,g,"USDA 620, FRN",,
F20D4F,fatty acid 20:4; expressed per quantity of total fatty acids,arachidonic acid,g/100 g fatty acid,FRN,,
F20D4C,fatty acid 20:4 cis,20:4c pufa cis cfa c,g,"USDA 620, FRN",,
F20D4N3,fatty acid 20:4 n-3,,g,,,
F20D4N3F,fatty acid 20:4 n-3,,g/100g total fatty acid,,,
F20D4N6,fatty acid 20:4 n-6,arachidonic acid; eicosatetraenoic acid,g,"USDA 855, SFK, NE, PRC, FRN, DAN, SWD",,
F20D4N6F,fatty acid 20:4 n-6; expressed per quantity of total fatty acids,arachidonic acid; eicosatetraenoic acid,g/100 g fatty acid,"MW, NE, FRN, DAN, SWD",,
F20D5,fatty acid 20:5,eicosapentaenoic acid 20:5c; fatty acid pufa 20:5,g,FRN,,
F20D5F,fatty acid 20:5; expressed per quantity of total fatty acids,eicosapentaenoic acid,g/100 g fatty acid,FRN,,
F20D5N3,fatty acid 20:5 n-3,eicosapentaenoic acid; EPA; timnodonic acid,g,"USDA 629, NE, FRN, DAN, SWD",,
F20D5N3F,fatty acid 20:5 n-3; expressed per quantity of total fatty acids,eicosapentaenoic acid; EPA; timnodonic acid,g/100 g fatty acid,"NE, FRN, DAN, SWD",,
F21D0,fatty acid 21:0,fatty acid sfa 21:0,g,,,
F21D0F,fatty acid 21:0,,g/100g total fatty acid,,,
F21D5N3,fatty acid 21:5 n-3,,g,,,
F21D5N3F,fatty acid 21:5 n-3,,g/100g total fatty acid,,,
F22D0,fatty acid 22:0,behenic acid; docosanoic acid; fatty acid sfa 22:0,g,"USDA 624, SFK, PRC, FRN, DAN, SWD",,
F22D0F,fatty acid 22:0; expressed per quantity of total fatty acids,behenic acid; docosanoic acid,g/100 g fatty acid,"MW, FRN, DAN, SWD",,
F22D1,fatty acid 22:1,erucic acid; cetoleic acid; docosenoic acid; fatty acid mufa 22:1,g,"USDA 630, NE, PRC, FRN, DAN, SWD, NZ",,
F22D1CN11,fatty acid cis 22:1 n-11,"cetoleic acid, 11-docosenoic acid; cfa c",g,,,
F22D1CN9,fatty acid cis 22:1 n-9,erucic acid; docosenoic acid; cfa c,g,"SFK, FRN, SWD",,
F22D1CN9F,fatty acid cis 22:1 n-9; expressed per quantity of total fatty acids,erucic acid; docosenoic acid,g/100 g fatty acid,"FRN, SWD",,
F22D1F,fatty acid 22:1; expressed per quantity of total fatty acids,erucic acid; cetoleic acid; docosenoic acid,g/100 g fatty acid,"MW, NE, FRN, DAN, SWD",,
F22D1N9,fatty acid 22:1 n-9,,g,,,
F22D1N9F,fatty acid 22:1 n-9,,g/100g total fatty acid,,,
F22D1TN9,fatty acid trans 22:1 n-9,brassidic acid; tfa t,g,FRN,,
F22D1TN9F,fatty acid trans 22:1 n-9; expressed per quantity of total fatty acids,brassidic acid tfa t,g/100 g fatty acid,FRN,,
F22D2,fatty acid 22:2,docosadienoic acid; fatty acid pufa 22:2,g,FRN,,
F22D2F,fatty acid 22:2; expressed per quantity of total fatty acids,docosadienoic acid,g/100 g fatty acid,FRN,,
F22D3,fatty acid 22:3,fatty acid pufa 22:3,g,NZ,,
F22D3F,fatty acid 22:3; expressed per quantity of total fatty acids,,g/100 g fatty acid,NZ,,
F22D4,fatty acid 22:4,docosatetraenoic acid; fatty acid pufa 22:4,g,FRN,,
F22D4F,fatty acid 22:4; expressed per quantity of total fatty acids,docosatetraenoic acid,g/100 g fatty acid,FRN,,
F22D4N3,fatty acid 22:4 n-3,,g,,,
F22D4N3F,fatty acid 22:4 n-3,,g/100g total fatty acid,,,
F22D5,fatty acid 22:5,docosapentaenoic acid; fatty acid pufa 22:5,g,FRN,,
F22D5F,fatty acid 22:5; expressed per quantity of total fatty acids,docosapentaenoic acid,g/100 g fatty acid,FRN,,
F22D5N3,fatty acid 22:5 n-3,docosapentaenoic acid,g,"USDA 631, NE, PRC, FRN, DAN, SWD",,
F22D5N3F,fatty acid 22:5 n-3; expressed per quantity of total fatty acids,docosapentaenoic acid,g/100 g fatty acid,"NE, FRN, DAN, SWD",,
F22D5N6,fatty acid 22:5 n-6,,g,NZ,,
F22D5N6F,fatty acid 22:5 n-6; expressed per quantity of total fatty acids,,g/100 g fatty acid,NZ,,
F22D6,fatty acid 22:6,docosahexaenoic acid; fatty acid pufa 22:6,g,FRN,,
F22D6F,fatty acid 22:6; expressed per quantity of total fatty acids,docosahexaenoic acid,g/100 g fatty acid,FRN,,
F22D6N3,fatty acid 22:6 n-3,docosahexaenoic acid; DHA,g,"USDA 621, NE, PRC, FRN, DAN, SWD",,
F22D6N3F,fatty acid 22:6 n-3; expressed per quantity of total fatty acids,docosahexaenoic acid; DHA,g/100 g fatty acid,"NE, FRN, DAN, SWD",,
F23D0,fatty acid 23:0,tricosanoic acid; fatty acid sfa 23:0,g,FRN,,
F23D0F,fatty acid 23:0; expressed per quantity of total fatty acids,tricosanoic acid,g/100 g fatty acid,FRN,,
F23D1,fatty acid 23:1,fatty acid mufa 23:1,g,NZ,,
F23D1F,fatty acid 23:1; expressed per quantity of total fatty acids,,g/100 g fatty acid,NZ,,
F24D0,fatty acid 24:0,lignoceric acid; tetracosanoic acid; fatty acid sfa 24:0,g,"USDA 654, SFK, FRN",,
F24D0F,fatty acid 24:0; expressed per quantity of total fatty acids,lignoceric acid; tetracosanoic acid,g/100 g fatty acid,"MW, FRN",,
F24D1,fatty acid 24:1,"selacholeic acid, nervonic acid, tetracosenoic acid; fatty acid mufa 24:1",g,FRN,,
F24D1C,fatty acid cis 24:1,cfa c,g,USDA 671,,
F24D1F,fatty acid 24:1; expressed per quantity of total fatty acids,,g/100 g fatty acid,FRN,,
F24D6,fatty acid 24:6; expressed per quantity of total fatty acids,fatty acid pufa 24:6,g/100 g fatty acid,NZ,,
F24D6F,fatty acid 24:6 n-6,,g/100g total fatty acid\nNote# this is a correction to 1993 version where terminal F was inadvertantly omitted,,,
F4D0,fatty acid 4:0,butyric acid; tetranoic acid; butanoic acid; fatty acid sfa 4:0 c4:0,g,"USDA 607, SFK, FRN, DAN, SWD",,
F4D0F,fatty acid 4:0; expressed per quantity of total fatty acids,butyric acid; tetranoic acid,g/100 g fatty acid,"MW, FRN, DAN, SWD",,
F5D0,fatty acid 5:0,fatty acid sfa 5:0,g,,,
F5D0F,fatty acid 5:0,,g/100g total fatty acid,,,
F6D0,fatty acid 6:0,caproic acid; hexanoic acid; fatty acid sfa 6:0,g,"USDA 608, SFK, PRC, FRN, DAN, SWD",,
F6D0F,fatty acid 6:0; expressed per quantity of total fatty acids,caproic acid; hexanoic acid,g/100 g fatty acid,"MW, FRN, DAN, SWD",,
F7D0,fatty acid 7:0,heptanoic acid; fatty acid sfa 7:0,g,"USDA 609, SFK, PRC, FRN, DAN, SWD",,
F8D0,fatty acid 8:0,caprylic acid; octanoic acid; fatty acid sfa 8:0,g,"USDA 609, SFK, PRC, FRN, DAN, SWD",,
F8D0F,fatty acid 8:0; expressed per quantity of total fatty acids,caprylic acid; octanoic acid,g/100 g fatty acid,"MW, FRN, DAN, SWD",,
F9D0,fatty acid 9:0,fatty acid sfa 9:0,g,"USDA 609, SFK, PRC, FRN, DAN, SWD",,
FACID,"fatty acids, total",,g,,"Two data items are required for tagname <FACID>: the total quantity of fatty acids and identification of the conversion factor used to calculate this value from the quantity of total fat. If the conversion factor was taken from a table in one of the sources identified by the keywords listed below, the keyword should be used during data interchange. Otherwise, the conversion factor can be explicitly stated within a secondary tagname. It is also acceptable to include both a keyword and the specific conversion factor in the data.",
FACIS,"fatty acids, total, cis",,g,,From EuroFIR. Sum of the individual fatty acids of cis-isomers,
FACN3,"fatty acids, total, cis n-3",,g,,"From EuroFIR. Use for total cis n-3 mono- and polyunsaturated fatty acids, including the FAPUN3 isomers plus F18:1CN3",
FACN6,"fatty acids, total, cis n-6",,g,,"From EuroFIR. Use for total cis n-6 mono- and polyunsaturated fatty acids, including the FAPUN6 isomers plus F18:1CN6",
FACN9,"fatty acids, total, cis n-9",,g,,"From EuroFIR. Use for total cis n-9 mono- and polyunsaturated fatty acids, including the FAPUN9 isomers plus F18:1CN9, F20:1CN9, F22:1CN9 and F24:1CN9",
FAMT,"fatty acids, total mono trans",trans-monoenoic tfa t,g,,"Some countries are planning actions to limit these acids (not single trans) from foods, e.g., chocolate.",
FATRANS,"fatty acids, total trans",trans tfa t,g,,"Some countries are planning actions to limit these acids (not single trans) from foods, e.g., chocolate.",
FADT,"fatty acids, total double trans",trans-dienoic tfa t,g,,"Some countries are planning actions to limit these acids (not single trans) from foods, e.g., chocolate.",
FAPT,"fatty acids, total poly trans",trans-polyenoic tfa t,g,,"Some countries are planning actions to limit these acids (not single trans) from foods, e.g., chocolate.",
FAESS,"fatty acids, total essential",,g,FRN,"This value is the sum of linoleic acid, linolenic acid, and arachidonic acid.",
FAESSF,"fatty acids, total essential; expressed per quantity of total fatty acids",,g/100 g,FRN,Linoleic acid plus linolenic acid plus arachidonic acid.,
FAFRE,"fatty acids, total free",,g,USDA 658,,
FAFREF,"fatty acids, total free; expressed per quantity of total fatty acids",,g/100 g fatty acid,,,
FAMS,"fatty acids, total monounsaturated",monounsat mufa mfa monounsat mufa mfa,g,"USDA 645, NE, FRN, DAN, SWD",,
FAMSCIS,"fatty acids, total monounsaturated-cis",,g,,,
FAMSF,"fatty acids, total monounsaturated; expressed per quantity of total fatty acids",,g/100 g fatty acid,"NE, FRN, DAN, SWD",,
FAN3,"fatty acids, total n-3",,g,,A class of fatty acids with the first double bond at the 3rd carbon from the methyl end.,
FAN6,"fatty acids, total n-6",,g,,A class of fatty acids with the first double bond at the 6th carbon from the methyl end.,
FAN9,"fatty acids, total, n-9",,g,,"From EuroFIR. Use for total n-9 fatty acids, including both mono- and polyunsaturated n-9 fatty acids",
FAPU,"fatty acids, total polyunsaturated",polyunsat pufa pfa polyunsat pufa pfa,g,"USDA 646, IND, NE, FRN, DAN, SWD",,
FAPUCIS,"fatty acids, total polyunsaturated-cis",,g,,,
FAPUF,"fatty acids, total polyunsaturated; expressed per quantity of total fatty acids",,g/100 g fatty acid,"NE, FRN, DAN, SWD",,
FAPULC,"fatty acids, total polyunsaturated long chain",,g,,From EuroFIR. Use for total polyunsaturated long-chain fatty acids with a chain length C20 and above,
FAPUN3,"fatty acids, total n-3 polyunsaturated",polyunsat pufa pfa,g,,,
FAPUN3F,"fatty acids, total n-3 polyunsaturated; expressed per quantity of total fatty acids",,g/100 g fatty acid,,,
FAPUN3FI,"fatty acids, total polyunsaturated, n-3, from fish",,g,,"From EuroFIR. Use for total polyunsaturated long-chain fatty acids, n-3, from fish",
FAPUN3VE,"fatty acids, total polyunsaturated, n-3, from vegetables",,g,,"From EuroFIR. Use for total polyunsaturated long-chain fatty acids, n-3, from vegetables",
FAPUN6,"fatty acids, total n-6 polyunsaturated",polyunsat pufa pfa,g,,,
FAPUN6F,"fatty acids, total n-6 polyunsaturated; expressed per quantity of total fatty acids",,g/100 g fatty acid,,,
FAPUN9,"fatty acids, total polyunsaturated, n-9, cis",,g,,"From EuroFIR. Use for total cis n-9 polyunsaturated fatty acids, including F18:2CN9 and F20:3CN9",
FASAT,"fatty acids, total saturated",sat,g,"USDA 606, SFK, NE, EA, FRN, DAN, SWD",,
FASATF,"fatty acids, total saturated; expressed per quantity of total fatty acids",,g/100 g fatty acid,"NE, FRN, DAN, SWD",,
FAT,"fat, total",total lipid,g,"USDA 204, SFK, MW, ETH, EGP, IND, NE, EA, PRC, FRN, DAN, SWD",,
FAT-,"fat, method unknown or variable",,g,,,
FATAN,"fat, animal",,g,,Previous tagname FATCAN,
FATCAN,"fat, animal",,g,,,
FATCE,"fat, total; derived by analysis using continuous extraction",,g,,The Soxhlet method has often been used to analyse for total fat using continuous extraction. This method tends to underestimate the total fat value of a food.,
FATCPL,"fat, plant",,g,,,
FATN3,"fatty acids, total trans n-3",,g,,"From EuroFIR. Sum of the individual fatty acids of trans-isomers, n-3",
FATN6,"fatty acids, total trans n-6",,g,,"From EuroFIR. Sum of the individual fatty acids of trans-isomers, n-6",
FATN9,"fatty acids, total trans n-9",,g,,"From EuroFIR. Sum of the individual fatty acids of trans-isomers, n-9",
FATNLEA,total fat by NLEA definition (triglyceride equivalents of fatty acids),,g,,,
FATPL,"fat, plant",,g,,Previous tagname FATCPL,
FATRN,"fatty acids, total trans",tfa t tfa t,g,USDA 605,,
FATRNF,"fatty acids, total trans; expressed per quantity of total fatty acids",,g/100 g fatty acid,,,
FATRNM,"fatty acids, total trans-monoenoic",tfa t,g,USDA 693,,
FATRNP,"fatty acids, total trans-polyenoic",tfa t,g,USDA 695,,
FAUN,"fatty acids, other, non specified",,g,,"from Danish FCT. The sum of the unidentified fatty acids, to be used to calculate total fatty acids as the sum of analysed fatty acids",
FBRN,fibrin,,mg,,from Slovak table,
FD,fluoride,fluorine,mcg,"USDA 313, SFK, EA, SWD",,
FE,"iron, total",,mg,"USDA 303, SFK, MW, ETH, IND, NE, EA, PRC, DAN, SWD",Includes both haem and non- haem iron.,
FE2+,ferrous,,mg,,,
FE3+,ferric,,mg,,,
FED,"iron, added",,mg,,Added when handling USDA data,
FEMFP,"MFP iron (meat, fish, poultry)",,mg,,"Iron from meat, fish and poultry (does not include milk and eggs)",
FEN,"iron, natural",intrinsic,mg,,Added when handling USDA data,
FERAC,ferulic acid,ferrulic acid,mg,SFK,,
FIB-,"fibre, total dietary; method of determination unknown or variable",fiber total dietary fiber total dietary fiber total dietary fiber total dietary fiber total dietary,g\n,,Tagname <FIB-> is used to identify fibre values which represent unknown fibre components or which were obtained by unknown methods or a mixture of methods.,
FIBAD,fibre; determined by acid detergent method,,g,,"Includes cellulose, lignin, and some hemicelluloses.",
FIBADC,"fibre, acid detergent method, Clancy modification.",,g,NZ,,
FIBC,"fibre, crude",,g,"USDA 206, SFK, ETH, EGP",The crude fibre method of fibre analysis is obsolete.,
FIBHEX,hexoses in dietary fibre,,g,DAN,,
FIBINS,"fibre, water-insoluble",insoluble dietary fibre fiber,g,"SFK, MW","Sum of insoluble components from the AOAC total dietary fibre method; includes primarily lignin, cellulose, and most of the hemicellulose.\nNote# Values for <FIBINS> may also be obtained by subtracting soluble fibre from total dietary fibre, i.e., by subtracting the value of <FIBSOL> from the value of <FIBTG>.",
FIBND,fibre; determined by neutral detergent method,,g,USDA 273,"Includes lignin, cellulose, and insoluble hemicellulose.",
FIBPEN,pentoses in dietary fibre,,g,"USDA 223, DAN",,
FIBSOL,"fibre, water-soluble",soluble dietary fibre fiber sdfp sdfs,g,SFK,"Sum of soluble components from the AOAC total dietary fibre method; includes primarily algal polysaccharides, gums, pectins, and mucilages.",
FIBSOLP,"soluble dietary fibre, pectin",sdfp fiber,g,,Added when handling USDA data,
FIBSOLS,"soluble dietary fibre, starch",sdfs fiber,g,,Added when handling USDA data,
FIBTG,"fibre, total dietary; determined gravimetrically by the AOAC total dietary fibre method",fiber,g,SFK,Sum of the water-soluble components and the water-insoluble components of dietary fibre; can be calculated by adding the values of <FIBSOL> and <FIBINS>; includes all non- starch polysaccharides and lignin.,
FIBTS,"fibre, total dietary; sum of non- starch polysaccharide components and lignin",,g,,"Sum of the polysaccharide components of dietary fibre measured sequentially on the same sample (for example, by using the Southgate colorimetric procedure) plus lignin measured gravimetrically.",
FIBTSW,"fibre, total dietary; Wenlock modification",fiber total dietary,g,NZ,,
FLVAN,"flavans, total",,mg,,Added when handling USDA data,
FLVND,"flavonoids, total",,mg,,Added when handling USDA data,
FLVNL,"flavonols, total",,,,,
FLVNN,"flavanones, total",,mg,,Added when handling USDA data,
FLVON,"flavones, total",,mg,,Added when handling USDA data,
FOL,"folate, total",folacin; folic acid,mcg,"USDA 417, SFK, MW, ETH, IND, EA, DAN, SWD",Includes both conjugated and free folate.,
FOL-,"folate, method unknown or variable",,mcg,,,
FOLAC,"folic acid, synthetic folic acid",,mcg,USDA 431,,
FOLC,"folate, conjugated",,mcg,,Sum of polyglutamic forms of folates.,
FOLDFE,"folate, dietary folate equivalents",,mcg DFE,USDA 435,folate total = mcg food folate + (1.7 X mcg folic acid),
FOLFD,"folate food, naturally occuring food folates",,mcg,USDA 432,,
FOLFRE,"folate, free",,mcg,"USDA 419, MW, IND, DAN",,
FOLHCO10,10-formyl folic acid (10HCOFA),,mg,,Added when handling USDA data,
FOLSUM,"folate, sum of vitamers, determined by HPLC",folacin,mcg,,"Sum of folate vitamers determined by HPLC. Includes mostly tetrahydrofolate, 5-methyltetrahydrofolate, 5-formyltetrahydrofolate, 10-formylfolic acid, 10-formyldihydrofolate and folic acid",
FORAC,formic acid,"methanoic acid, hydrogen carboxylic acid, aminic acid",mg,,from Slovak table,
FORMO,formononetin,,mcg,,An isoflavone with a hydroxy-methyl group on the B-ring.,
FRUFB,fructose in dietary fibre,,mg,,,
FRUOLSAC,fructooligosaccharide,,g,,NCI,
FRUOLSACM,fructooligosaccharide; expressed in monosaccharide equivalents,,g,,,
FRUS,fructose,,g,"USDA 212, SFK, DAN, SWD",D-fructose only; includes only the free monosaccharide.,
FRUTN,fructan,,g,,,
FRUTNM,fructan; expressed in monosaccharide equivalents,,g,,-,
FUCOS,fucose,,g,,A hexose whose structure can be derived from galactose replacing the -OH group on carbon 6 with a hydrogen. (NCI),
FUCSTR,fucosterol,,mg,,From COST,
FUCSTR28,28-iso-fucosterol,,mg,,,
FUMAC,fumaric acid,,mg,"USDA 237, SFK",,
GALAAC,galacturonic acid,,mg,"USDA 238, SFK",,
GALCATEC,(+)-gallocatechin,gallo catechin,mcg,,,
GALCATECGAL,(+)-gallocatechin 3-gallate,gallocatechin gallate,mcg,,,
GALCATEGC,gallocatechin,,mcg,,A catechin with a hydroxyl group at C-5'. (NCI),
GALFB,galactose in dietary fibre,,mg,,,
GALLAC,gallic acid,,mg,"USDA 239, SFK",,
GALMN,galactomannan,,g,,,
GALMNM,galactomannan; expressed in monosaccharide equivalents,,g,,,
GALS,galactose,,g,SFK,Includes only the free monosaccharide.,
GALTL,galactitol,"dulcitol,",mg,,,
GALTN,galactan,,g,,Galactan is a polymer of the sugar galactose. It is found in hemicellulose and can be converted to galactose by hydrolysis.,
GALURAC,galacturonic acid,,mg,,"D-Galacturonic acid is a sugar acid, the oxidized form of D-galactose. It is the main component of pectin, in which it exists as the polymer polygalacturonic acid",
GENTAC,gentisic acid,,mg,,Added when handling USDA data,
GLN,glutamine,,mg,SFK,Includes only L-glutamine.,
GLNN,glutamine; expressed per quantity of nitrogen,,mg/g nitrogen,,,
GLNP,glutamine; expressed per quantity of protein,,mg/100 g protein,,,
GLOB,globulin,,mg,,,
GLU,glutamic acid,,mg,"USDA 515, SFK, ETH, NE, EA, DAN, SWD",Includes only L-glutamic acid.,
GLUAKAC,alpha-keto-glutaric acid,,mg,SFK,,
GLUCAC,gluconic acid,,mg,SFK,,
GLUCNB,betaglucan,beta-glucans,g,,,
GLUFB,glucose in dietary fibre,,mg,,,
GLUMN,glucomannan,,g,,,
GLUMNM,glucomannan; expressed in monosaccharide equivalents,,g,,-,
GLUN,glutamic acid; expressed per quantity of nitrogen,,mg/g nitrogen,"MW, ETH, NE, EA, DAN, SWD",,
GLUP,glutamic acid; expressed per quantity of protein,,mg/100 g protein,,,
GLUS,glucose,,g,"USDA 211, SFK, DAN, SWD",D-glucose only; includes only the free monosaccharide.,
GLUTN,gluten,,mg,,,
GLY,glycine,,mg,"USDA 516, SFK, ETH, NE, EA, DAN, SWD",Includes only L-glycine.,
GLYC,glycogen,,g,"USDA 272, SFK",,
GLYCER-,"glycerides, total; method of determination unknown or variable",,g,,,
GLYCERA,"glycerides, total; determined by analysis",,g,,,
GLYCERC,"glycerides, total; calculated from fatty acid composition",,g,,,
GLYCLAC,glycolic acid,,mg,"USDA 240, SFK",Glycolic acid (or hydroxyacetic acid) is the smallest α-hydroxy acid (AHA).,
GLYCM,glycogen; expressed in monosaccharide equivalents,,g,,,
GLYCTEIN,glycitein,,,,,
GLYCTN,glycitin,,mcg,,,
GLYCTNA,acetyl-glycitin,,mcg,,,
GLYCTNM,malonyl-glycitin,,mcg,,,
GLYLIP,"glycolipids, total",,g,USDA 604,,
GLYN,glycine; expressed per quantity of nitrogen,,mg/g nitrogen,"MW, ETH, NE, EA, DAN, SWD",,
GLYP,glycine; expressed per quantity of protein,,mg/100 g protein,,,
GLYRL,glycerol; glycerine,,mg,SFK,,
GNSTEIN,genistein,,mcg,,,
GNSTIN,genistin,,mcg,,,
GNSTINA,acetyl-genistin,,mcg,,,
GNSTINM,malonyl-genistin,,mcg,,,
GPCHOLN,glycerophosphocholine,,,,,
GSH,glutathione,,mg,,Added when handling USDA data,
GULDKAC,di-keto-cholanic acid,,mg,,From EuroFIR,
GUMS,gums,,g,,,
HAEM,"iron, haem",heme iron,mg,,,
HB,hemoglobin,,mg,,from Slovak table,
HEMCEL,hemicellulose,,g,"USDA 224, SFK",Includes hexose and pentose.,
HESPD,hesperidin,,mcg,,A flavanoid comprised of the flavanone hesperetin and the disaccharide rutinose.,
HESPT,Hesperetin,,mcg,,"A flavanone with hydroxyl groups at C-5, C-7, and C-5' and a methoxyl group at C-4'.",
HEXSN,hexosan,,g,SFK,,
HG,mercury,,mcg,USDA 370,,
HG1+,mercury 1+,,mcg,,,
HG2+,mercury 2+,,mcg,,,
HGME,methyl mercury,,mcg,,Includes both elemental and ionic forms. GEMS/Foods code 062,
HIS,histidine,,mg,"USDA 512, SFK, ETH, NE, EA, DAN, SWD",Includes only L-histidine.,
HISN,histidine; expressed per quantity of nitrogen,,mg/g nitrogen,"MW, IND, ETH, NE, EA, DAN, SWD",,
HISP,histidine; expressed per quantity of protein,,mg/100 g protein,,,
HISTN,histamine,,mg,SFK,,
HMWDF,high molecular weight dietary fibre,fiber,g,,Added when handling USDA data,
HYL,hydroxylysine,,mg,,"5-hydroxylysine, non-essential amino acid. Hydroxylysine is found only in animal proteins and mostly in collagens (from Slovak table).",
HYP,hydroxyproline,,mg,"USDA 521, SFK",Includes only L- hydroxyproline.,
HYPN,hydroxyproline; expressed per quantity of nitrogen,,mg/g nitrogen,,,
HYPP,hydroxyproline; expressed per quantity of protein,,mg/100 g protein,,,
ID,iodide,iodine,mcg,"USDA 314, SFK, EA, PRC, DAN, SWD",,
ID131,iodide 131,iodine 131,mcg,,GEMS/Foods code 139,
ILE,isoleucine,,mg,"USDA 503, SFK, ETH, NE, EA, DAN, SWD",Includes only L-isoleucine.,
ILEN,isoleucine; expressed per quantity of nitrogen,,mg/g nitrogen,"MW, IND, ETH, NE, EA, DAN, SWD",,
ILEP,isoleucine; expressed per quantity of protein,,mg/100 g protein,,,
INOTL,inositol,,mcg,"USDA 422, SFK",,
INOTLP1,inositol phosphate,,mg,,Added when handling USDA data,
INULN,inulin,,g,,,
ISOCAC,isocitric acid,,mg,"USDA 241, SFK",,
ISOFLVND,total isoflavonoids,,mcg,,,
ISOFLVON,"isoflavones, total",,mg,,Added when handling USDA data,
ISOHMNTN,isorhamnetin,,mg,,Added when handling USDA data,
ISOMALT,isomalt,,mg,,,
ISOSKRNTN,isosakuranetin,,mg,,Added when handling USDA data,
K,potassium,,mg\n; mmol,"USDA 306, SFK, MW, IND, NE, EA, PRC, DAN, SWD",,
KAEMF,kaempferol,,mcg,,"A flavonol with a hydroxyl group at C-5, -7, and -4'.",
LA,lanthanum,,,,from Slovak table,
LACAC,lactic acid,,mg,"USDA 242, SFK",,
LACACD,D-lactic acid,,mg,,From EuroFIR. Use for (2R)-2-hydroxypropanoic acid,
LACACL,L-lactic acid,,mg,,From EuroFIR. Use for (2S)-2-hydroxypropanoic acid,
LACS,lactose,,g,"USDA 213, SFK, DAN, SWD",,
LACSM,lactose; expressed in monosaccharide equivalents,,g,MW,,
LACTL,lactitol,,mg,,,
LEU,leucine,,mg,"USDA 504, SFK, ETH, NE, EA, DAN, SWD",Includes only L-leucine.,
LEUN,leucine; expressed per quantity of nitrogen,,mg/g nitrogen,"MW, IND, ETH, NE, EA, DAN, SWD",,
LEUP,leucine; expressed per quantity of protein,,mg/100 g protein,,,
LI,lithium,,mcg,USDA 368,,
LIGN,lignin,,g,"SFK, DAN, SWD",,
LIGNANS,"lignans, total",,mg,,From COST.,
LIQGN,liquiritigenin,,mg,,Added when handling USDA data,
LMCTRN,limocitrin,,mg,,Added when handling USDA data,
LMWDF,low molecular weight dietary fibre,fiber,g,,Added when handling USDA data,
LUTEOL,luteolin,,mcg,,A flavone with two hydroxyl groups on the B-ring and a second hydroxyl group on the A-ring.,
LUTN,lutein,,mcg,,,
LYCPN,lycopene,,mcg,,,
LYCPNCIS,cis-lycopene,,mg,,Added when handling USDA,
LYCPNT,trans-lycopene,,mg,,Added when handling USDA data,
LYS,lysine,,mg,"USDA 505, SFK, ETH, NE, EA, DAN, SWD",Includes only L-lysine.,
LYSN,lysine; expressed per quantity of nitrogen,,mg/g nitrogen,"MW, IND, ETH, NE, EA, DAN, SWD",,
LYSP,lysine; expressed per quantity of protein,,mg/100 g protein,,,
LZEA,lutein + zeaxanthin,,mcg,,,
LZEAC,cis-lutein/zeaxanthin,,mcg,,,
MALAC,malic acid,,mg,"USDA 243, SFK",,
MALONAC,malonic acid,"propanedioic acid, methanedicarboxylic acid",mg,,from Slovak table.,
MALS,maltose,,g,"USDA 214, SFK, DAN, SWD",,
MALSM,maltose; expressed in monosaccharide equivalents,,g,,,
MALTDEX,maltodextrin,,g,,Partially hydrolysed starch.,
MALTDEXM,maltodextrin,,g,,Partially hydrolysed starch. Classification? ALSO IN MONOSACCH. EQ?,
MALTL,maltitol,,mg,,,
MALTRS,maltotriose,,g,,,
MALTRSM,maltotriose; expressed in monosaccharide equivalents,,g,,,
MALVIDIN,malvidin,,mcg,,"An anthocyanidin with hydroxyl groups at C-3, -5, -7, and -4', and methoxyl groups at C-3', and -5'; in free form and not as glycosides.",
MAN,mannose,,g,,"A hexose which is an epimer at C-2 of glucose. Structurally, it is a glucose with the OH and H groups interchanged at carbon-2. (NCI)",
MANFB,mannose in dietary fibre,,mg,,,
MANN,mannan,,g,,,
MANNM,mannan; expressed in monosaccharide equivalents,,g,,-,
MANTL,mannitol,,mg,"USDA 260, SFK",,
MATAIRES,matairesinol,,mg,,From COST,
MB,myoglobin,,mg,,from Slovak table,
MEA,"ethanolamines, total",,g,,Emulsifier,
MET,methionine,,mg,"USDA 506, SFK, ETH, NE, EA, DAN, SWD",Includes only L-methionine.,
METH,methyl alcohol,methanol,mg,SFK,,
METN,methionine; expressed per quantity of nitrogen,,mg/g nitrogen,"MW, IND, ETH, NE, EA, DAN, SWD",,
METP,methionine; expressed per quantity of protein,,mg/100 g protein,,,
MG,magnesium,,mg,"USDA 304, SFK, MW, IND, NE, EA, PRC, DAN, SWD",,
MGLY,"monoglycerides, total",,g,USDA 655,,
MK10,menaquinone-10,,mcg,,from EuroFIR,
MK11,menaquinone-11,,mcg,,from EuroFIR,
MK12,menaquinone-12,,mcg,,from EuroFIR,
MK13,menaquinone-13,,mcg,,from EuroFIR,
MK4,menaquinone-4,vitamin k,mcg,,from EuroFIR,
MK5,menaquinone-5,,mcg,,from EuroFIR,
MK6,menaquinone-6,,mcg,,from EuroFIR,
MK7,menaquinone-7,,mcg,,from EuroFIR,
MK8,menaquinone-8,,mcg,,from EuroFIR,
MK9,menaquinone-9,,mcg,,from EuroFIR,
MN,manganese,,mcg,"USDA 315, SFK, EA, PRC, DAN, SWD",,
MN2+,manganese 2+,,mcg,,,
MN3+,manganese3+,,mcg,,,
MNSAC,"monosaccharides, total",,g,,Includes only the free monosaccharides.,
MO,molybdenum,,mcg,"USDA 316, SFK, EA, PRC, DAN, SWD",,
MO4+,molybdenum 4+,,mcg,,Molybdenum ion requiring four electrons to return to its elemental state.,
MO6+,molybdenum 6+,,mcg,,,
MOLAC,malonic acid,,mg,,from Slovak table.,
MUCIL,mucilages,,g,,,
MYRIC,myricetin,,mcg,,A kaempferol with a hydroxyl group at C-3' and -5'.,
NA,sodium,,mg\n; mmol,"USDA 307, SFK, MW, IND, NE, EA, PRC, DAN, SWD",,
NACL,salt,NaCl,mg,"USDA 375, SFK",,
NAM,"nitrogen, amino",,g,,,
NARIN,naringin,,mcg,,From Pennington’s article,
NARING,naringenin,,mcg,,"A flavanone with hydroxyl groups at C-5, C-7, and C-4’.",
NARIR,narirutin,,mcg,,A flavanoid comprised of the flavanone naringenin and the disaccharide rutinose.,
NBLTN,nobiletin,,mg,,Added when handling USDA data,
NHAEM,"iron, non-haem",non-heme iron,mg,,,
NI,nickel,,mcg,"USDA 371, SFK, PRC",,
NI2+,nickel 2+,,mcg,,Nickel ion requiring two electrons to return to its elemental state.,
NI3+,nickel 3+,,mcg,,,
NIA,"niacin, preformed",nicotinic acid; nicotinamide (these terms are not true synonyms but are often used in food tables to refer to niacin.),mg,"USDA 406, SFK, MW, ETH, IND, NE, EA, PRC, DAN, SWD",Nicotinic acid and nicotinamide.,
NIAAVL,"niacin, available",,mg,,total niacin minus bound niacin,
NIAD,"niacin, added",,mg,,Added when handling USDA data,
NIAEQ,"niacin equivalents, total",,mg,"USDA 409, DAN, SWD",Preformed niacin plus niacin equivalents from tryptophan.,
NIAN,"niacin, natural",intrinsic,mg,,Added when handling USDA data,
NIATRP,niacin equivalents from tryptophan,,mg,"USDA 407 & 408, MW, DAN",1/60 x tryptophan.,
NITRA,nitrates,,mg,"USDA 264, SFK",,
NITRI,nitrites,,mg,"USDA 265, SFK",,
NITRN,"nitrosamine, total",,mg,USDA 266,,
NITRNN,"nitrosamine, non-volatile",,mg,,,
NITRNV,"nitrosamine, volatile",,mg,,Subject of forthcoming regulations.,
NNP,"nitrogen, non-protein",,mg,,,
NPR,nitrogen-protein ratio,,none,NZ,"Determined by dividing total nitrogen by total protein. In most cases, if <PROCNT> (cf.) is used with the <XN> subtag (for documentation purposes there), this value will be the same as the <XN> value.",
NPRO,"nitrogen, protein",adjusted nitrogen,g,,,
NPU,net protein utilization,NPU,none,USDA 267,Net protein utilization is the proportion of nitrogen intake that is retained. This value is the product of digestibility and the proportion of absorbed nitrogen that is retained (biological value).,
NSP,"polysaccharides, non-starch (englyst method)",,g,,Includes non starch polysaccharides and excludes lignin and resistant starch and resistant oligosaccharides. Old tagname PSACNS,
NT,"nitrogen, total",nitrogen,g,"USDA 202, MW, ETH, EGP, IND, NE, EA",Determined by Kjeldahl method.,
OA,"organic acids, total",,g,,,
OLSAC,"oligosaccharides, total available",,g,,,
OLSACM,"oligosaccharides, total available; expressed in monosaccharide equivalents",,g,,,
ORAC,"ORAC, total",,,,,
ORACH,"ORAC, hydrophyllic",,,,,
ORACL,"ORAC, lipophillic",,,,,
ORN,ornithine,,mg,,Amino acid with side chain - (CH2)3NH3+. (NCI).,
OXACAC,oxaloacetic acid,,mg,"USDA 244, SFK",,
OXALAC,oxalic acid,,mg,"USDA 245, SFK, IND",,
P,phosphorus,,mg,"USDA 305, SFK, MW, ETH, EGP, IND, NE, EA, PRC, DAN, SWD",,
PANTAC,pantothenic acid,"D-pantothenate; vitamin B-5 (obsolete term, may still appear in some tables)",mg,"USDA 410, SFK, MW, EA, DAN, SWD",,
PARHBAC,parahydrobenzoic acid,p-hydroxy benzoic acid,mg,SFK,,
PB,lead,,mcg,USDA 367,,
PB2+,lead 2+,,mcg,,,
PB4+,lead 4+,,mcg,,,
PCHOLN,phosphocholine,,,,,
PCHOUAC,p-coumaric acid,,mg,,Added when handling USDA data,
PECT,pectin,,g,"USDA 220, SFK, SWD","Reflects AOAC or equivalent procedure. Polymers of galacturonic acid unspecified.\nNote# Additional tagnames will be added, when needed by food composition tables and data bases, to reflect the very large number of polysaccharides present in foods and, specifically, to reflect different degrees of methoxylation in pectic substances.",
PELARG,pelargonidin,,mg,,Added when handling USDA data,
PENSN,pentosan,,g,"USDA 222, SFK",,
PEONIDIN,peonidin,,mcg,,"An anthocyanidin with hydroxyl groups at C-3, -5, -7, and -4', and a methoxyl group at C-3'; in free form and not as glycosides.",
PER,protein efficiency ratio,PER,none,USDA 229,Protein efficiency ratio is defined as weight gain per weight of protein eaten.,
PETUNIDIN,petunidin,,mcg,,"An anthocyanidin with hydroxyl groups at C-3, -5, -7, -3', and -4', and a methoxyl group at C-5'; in free form and not as glycosides.",
PH,"pH, hydrogen ion concentration",,none,,,
PHE,phenylalanine,,mg,"USDA 508, SFK, ETH, NE, EA, DAN, SWD",Includes only L- phenylalanine.,
PHEN,phenylalanine; expressed per quantity of nitrogen,,mg/g nitrogen,"MW, IND, ETH, NE, EA, DAN, SWD",,
PHEP,phenylalanine; expressed per quantity of protein,,mg/100 g protein,,,
PHETN,phenylethylamine,,mcg,,From EuroFIR,
PHOA,phosphatidic acid,,mg,,Simplest form of dietary phospholipid consisting of glycerol bound to two fatty acids and a phosphate group. (NCI),
PHOETHN,phosphatidylethanolamine,cephalin (old term),mg,,Dietary phospholipid containing ethanolamine. (NCI),
PHOINOTL,phosphatidylinositol,,mg,,Dietary phospholipid containing inositol. (NCI),
PHOLIP,"phospholipids, total",,g,USDA 603,,
PHOSER,phosphatidylserine,,mg,,Dietary phospholipid containing serine. (NCI),
PHYFLU,phytofluene,,mg,,Added when handling USDA data,
PHYSTR,"phytosterols, total",phytosterols total plant sterols,mg,USDA 636,"Includes avenasterol, brassicasterol, campesterol, sitosterol, spinasterol, and stigmasterol.",
PHYSTROTH,"phytosterols, other",phytosterols other,mg,,Added when handling USDA data,
PHYTAC,phytic acid,phytin P,mg,"USDA 246, SFK, MW, IND",,
PHYTOENE,phytoene,,mg,,Added when handling USDA data,
PHYTSTRU,"phytosterol, unsaturated",,mg?,,Phytosterol with at least one double bond in the sterol ring.,
PIPN,piperine,,g,USDA 259,,
PLG,plasmalogen,,mg,,A glycerophospholipid with an enol ether double bond in the sn-1 position of its glycerol backbone. (NCI),
POLYL,"polyols, total",,mg,,,
POLYPH,"polyphenols, total",,mg,,Added when handling USDA data,
POLYSAC,"polysaccharides, total",,g,,Sum of starch and non-starch-polysaccharides. DP >10,
PRO,proline,,mg,"USDA 517, SFK, ETH, NE, EA, DAN, SWD",Includes only L-proline.,
PRO-,"protein, total; method of determination unknown or variable",,g,,"The <PRO-> tagname should be used for a total protein value when it is not known whether the value was the result of a direct analysis or whether it was calculated from total nitrogen, protein nitrogen, or amino nitrogen. The <PRO-> tagname should also be used if it is known that the total protein value was calculated from one of the nitrogen components, but the conversion factor used in the calculation is unknown.",
PROA,"protein, total; determined by direct analysis",protein,g,,,
PROANI,protein from animal sources,,g,,,
PROCNA,"protein, total; calculated from amino nitrogen",,g,,Two pieces of data are associated with the tagname <PROCNA>. The first is the quantity of total protein and the second is the conversion factor used to calculate total protein from amino nitrogen.\nNote# The total protein found in food tables is rarely calculated from amino nitrogen. <PROCNT> is the appropriate tagname for total protein in most cases.,
PROCNP,"protein, total; calculated from protein nitrogen",adjusted protein,g,,Two pieces of data are associated with the tagname <PROCNP>. The first is the quantity of total protein and the second is the conversion factor used to calculate total protein from protein nitrogen.\nNote# The total protein found in food tables is rarely calculated from protein nitrogen. <PROCNT> is the appropriate tagname for total protein in most cases.,
PROCNT,"protein, total; calculated from total nitrogen",protein protein protein,g,"EGP, NE, EA, MW, DAN, USDA 203, SFK, IND, PRC","Three pieces of data are associated with the tagname <PROCNT>. The first is the quantity of total protein; the second is a keyword which identifies the source of the conversion factor used to calculate the total protein from total nitrogen; and the third is the actual conversion factor used. If possible, all three pieces of data should be included with <PROCNT>. However, it is acceptable to include only the keyword or the conversion factor (rather than both) with the total protein value if one or the other is unknown. If the conversion factor used was generated from a source other than one of those identified by the available keywords, the conversion factor should be listed without any keyword information.","The 3.2 g/100 g of protein in cow's milk which is listed in the Nutritive Value of Indian Foods was calculated from total nitrogen using the 6.25 conversion factor. Therefore, the protein value would be listed using the <PROCNT> tagname and the STD keyword:\n<PROCNT> 3.2 STD </PROCNT>\n\nThe 3.3 g/100 g of protein in cow's milk which is listed in McCance and Widdowson was calculated from total nitrogen using a 6.38 conversion factor. This factor was obtained from the FAO publication. Therefore, the protein value would be listed using the <PROCNT> tagname, the FAO keyword, and the <XN> secondary tagname:\n<PROCNT> 3.3 FAO <XN> 6.38 </PROCNT>\n\nAs a hypothetical example, if a value of 0.3 g/100 g of protein in watermelon seeds were calculated from total nitrogen using the conversion factor 5.30, and this value had not been taken from one of the tables identified by the list of keywords, the protein value would be listed using the <PROCNT> tagname in the following manner:\n<PROCNT> 0.3 <XN> 5.30 </PROCNT>\nNote# In these examples, </PROCNT> is an end-tag required in interchange format to indicate the end of the information about protein calculated from total nitrogen. See the INFOODS Data Interchange Handbook for details on interchange format."
PROCYAA2,proanthocyanidin (dimer-A linkage),,,,,
PROCYA1,proanthocyanidin monomers,,,,,
PROCYA2,proanthocyanidin dimers,,,,,
PROCYA3,proanthocyanidin trimers,,,,,
PROCYA4D6,proanthocyanidin 4-6mers,,,,,
PROCYA7D10,proanthocyanidin 7-10mers,,,,,
PROCYA10D,proanthocyanidin polymers (>10mers),,,,,
PROCYA,"procyanidins, total",,mcg,,From Pennington’s article,
PRON,proline; expressed per quantity of nitrogen,,mg/g nitrogen,"MW, ETH, NE, EA, DAN, SWD",,
PROP,proline; expressed per quantity of protein,,mg/100 g protein,,,
PROPAC,propionic acid,,mg,SFK,,
PROPLA,protein from plant sources,,g,,,
PROT,"protein, total; calculated from total nitrogen",,g,,It is calculated by multiplying the total nitrogen value (NT) by the nitrogen conversion factor (XN). Old tagname PROCNT,
PROTAN,protein from animal origin,,g,,Previous tagname PROANI,
PROTMFP,"MFP protein (meat, fish, poultry)",,g,,"Protein from meat, fish and poultry (does not include milk and eggs) from Tanzania",
PROTPL,protein from plant origin,,g,,Previously tagname PROPLA,
PSACALG,"polysaccharides, algal",,g,,"Includes carageenan, agar, and alginates.",
PSACNC,"polysaccharides, non-cellulosic",,g,SWD,"Includes hemicellulose, pectin, gums, algal polysaccharides, and mucilages.",
PSACNCI,"polysaccharides, non-cellulosic, water-insoluble",,g,SWD,,
PSACNCS,"polysaccharides, non-cellulosic, water-soluble",,g,SWD,,
PSACNS,"polysaccharides, non-starch",nonstarch,g,,Includes non-cellulosic polysaccharides and cellulose.,
PSACNSI,"polysaccharides, non-starch, water-insoluble",,g,,,
PSACNSS,"polysaccharides, non-starch, water-soluble",,g,,,
PU239,plutonium 239,,,,GEMS/Foods code 140,
PURAC,polyuronic acids,,mg,"SFK, DAN",,
PURN,purines,,mg,SFK,,
PUTRSC,putrescine,,mcg,,From EuroFIR,
PYRAC,pyruvic acid,"propanoic acid, BTS",mg,,,
PYRUAC,pyruvic acid,,mg,"USDA 247, SFK",,
PYRXL,pyridoxal,vitamin b6 aldehyde form,mg,USDA 412,Vitamin B-6 aldehyde form.,
PYRXM,pyridoxamine,vitamin b6 amine form,mg,USDA 413,Vitamin B-6 amine form.,
PYRXN,pyridoxine,vitamin b6 alcohol form,mg,"USDA 411, EA",Vitamin B-6 alcohol form.,
PYRXNHCL,pyridoxine HCl,,,,Fortificant form of vitamin B6,
QUERCE,quercetin,,mcg,,A kaempferol with a hydroxyl group at C-3'.,
QUINAC,quinic acid,,mg,"USDA 248, SFK",,
RAFS,raffinose,,g,SFK,Not available for humans.,
RAFSM,"raffinose, expressed in monosaccharide equivalents",,g,,,
RB,Rubidium,,mg,,,
REFUSE,refuse,,%,,"Synonyms: or inedible material (also called waste)The refuse is defined as (100 – edible portion), and represents the inedible weight as a percent of the “as purchased” or “as acquired” food before analysing the 100g edible part. If another definition is used, it should be specified. In addition to providing a value, it may be necessary to describe refuse in a food descriptor field.",
RETAL,retinal,,mcg,,,
RETALD,retinaldehyde,,mcg,,,
RETINAC,retinoic acid,,mcg,,Retinoid with carboxylic acid group. (NCI),
RETOL,retinol,preformed vitamin A,mcg,"USDA 319, MW, NE, EA, DAN, SWD",All-trans retinol only.,
RETOL13,13-cis retinol,,mcg,,,
RETOLDH,dehydroretinol,,mcg,,From COST,
RETOLEQ,"summation, all-trans retinol equivalents = all-trans retinol + 0.75 13-cis retinol + 0.90 retinaldehyde",,mcg,,Used in the McCance and Widdowson (British) table,
RHAFB,rhamnose in dietary fibre,,mg,,,
RHAS,rhamnose,,g,,Includes only the free sugar.,
RIBF,riboflavin,vitamin B-2; riboflavine.,mg,"USDA 405, SFK, MW, ETH, IND, NE, EA, PRC, DAN, SWD",,
RIBFD,"riboflavin, added",,mg,,Added when handling USDA data,
RIBFN,"riboflavin, natural",intrinsic,mg,,Added when handling USDA data,
RIBS,ribose,,g,,D-ribose only; includes only the free monosaccharide.,
RUBA,Rubner conversion factors using available carbohydrate kilocalories,,kcal/g,,Rubner conversion factors using available carbohydrate kilocalories = (4.1 x g total protein) + (3.75 x g available carbohydrate expressed as monosaccharides) + (9.3 x g total fat) + (7 x g alcohol).,
RUBT,Rubner conversion factors using total carbohydrate kilocalories,,kcal/g,,Rubner conversion factors using total carbohydrate kilocalories = (4.1 x g total protein) + (4.1 x g total carbohydrate) + (9.3 x g total fat) + (7 x g alcohol).,
RUTIN,rutin,,mcg,,A quercetin-3-rutinoside; rhamno-(1-6)-glucoside of quercetin.,
S,sulphur,,mg,"USDA 308, MW, IND",,
S4+,sulfur 4+,sulphur 4+,mg,,,
S6+,sulfur 6+,sulphur 6+,mg,,,
SACCNA,sodium-saccharin,,mg,,"From EuroFIR. Non-nutritive sweetener, also used as the calcium salt",
SACOTH,other saccharides,,g,,Added when handling USDA data,
SALAC,salicylic acid,,mg,USDA 249,,
SB,antimony,,,NZ,,
SE,"selenium, total",,mcg,"USDA 317, SFK, EA, PRC, DAN, SWD",,
SE4+,selenium 4+,,mcg,,,
SE6+,selenium 6+,,mcg,,,
SECORES,secoisolarisiresinol,,mg,,From COST,
SEIO,"selenium, inorganic",,mcg,,,
SEO,"selenium, organic",,mcg,,,
SER,serine,,mg,"USDA 518, SFK, ETH, NE, EA, DAN, SWD",Includes only L-serine.,
SERN,serine; expressed per quantity of nitrogen,,mg/g nitrogen,"MW, ETH, NE, EA, DAN, SWD",,
SEROTN,serotonin,,mg,SFK,,
SERP,serine; expressed per quantity of protein,,mg/100 g protein,,,
SHIKAC,shikimic acid,,mg,SFK,,
SI,silicon,,mcg,"USDA 378, SFK, PRC",,
SI2+,silicon 2+,,mcg,,,
SI4+,silicon 4+,,mcg,,,
SITSTL,beta-sitostanol,,mg,,Added when handling USDA data,
SITSTR,sitosterol,,mg,"USDA 641, SFK",Beta-sitosterol only.,
SN,tin,,mcg,"USDA 385, SFK",,
SNNSTN,sinensetin,,mg,,Added when handling USDA data,
SOLID,"solids, total",,g,,-,
SOLO,other solids,,g,,,
SOP,sum of proximate components,,,,,
SORAC,sorbic acid,,mg,,"From EuroFIR. Antimicrobial preservative, also used as sodium sorbate (E201), potassium sorbate (E202) and calcium sorbate (E203). It has 4 geometric isomers, cis or trans at either double bond.",
SORTL,sorbitol,,mg,"USDA 261, SFK",,
SPGR,specific gravity,,,,,
SPERDN,spermindine,,mcg,,From EuroFIR,
SPERN,spermine,,mcg,,From EuroFIR,
SPHL,sphingolipid,,?,,"A class of dietary lipids containing a long-chained sphingosine group (unsaturated amino alcohol with formula C18H37NO2), fatty acids bound to the NH2 group as an amide, and either sugars or phosphoric acid and alcohols bound to the primary hydroxy group (NCI)",
SPISTR,spinasterol,,mg,"USDA 650, FRN",Alpha-spinasterol only.,
SR,strontium,,mcg,USDA 380,,
SR90,strontium 90,,mcg,,GEMS/Foods code 138,
STAHY,"starch, particially hydrolysed",,g,,,
STAHYM,"starch, particially hydrolysed; expressed in monosaccharide equivalents",,g,,,
STAMO,"starch, modified",,g,,,
STAMOM,"starch, modified; expressed in monosaccharide equivalents",,g,,,
STARCH,"starch, total",,g,"USDA 209, SFK, DAN, SWD","The sum of all polysaccharides yielding glucose after hydrolysis with suitable enzymes; includes amylose, amylopectin, glycogen, and dextrins.",
STARCH-,"starch, available, expression unknown",,g,,"The sum of all polysaccharides yielding glucose after hydrolysis with suitable enzymes; includes amylose, amylopectin, glycogen, and dextrins. The expression is unknown if by weight or in monosaccharide equivalent",
STARCHM,"starch, total; expressed in monosaccharide equivalents",,g,MW,"The sum of all polysaccharides yielding glucose after hydrolysis with suitable enzymes; includes amylose, amylopectin, glycogen, and dextrins.",
STARES,"starch, resistant",retrograded starch,g,,,
STARES1,"starch, resistant RS1",,g,,"Resistant starch (RS1): physically protected or encapsulated, as in whole and partly milled grains.",
STARES2,"starch, resistant RS2",,g,,"Resistant starch (RS2): raw starchy foods, such as potatoes and green banana.",
STARES3,"starch, resistant RS3",,g,,Resistant starch (RS3): retrograded starch that has been gelatinised and then cooled.,
STARES4,"starch, resistant RS4",,g,,Resistant starch (RS4): starch in which chemical modification confers amylase resistance.,
STAS,stachyose,,g,SFK,Not available for humans.,
STASM,stachyose; expressed in monosaccharide equivalents,,g,,Tetrasacchride,
STEOTH,"sterols, other",,mg,,From EuroFIR,
STERFRE,"sterols, free",,mg,"USDA 660, SFK",,
STERT,"sterols, total",,mg,"USDA 634, SFK",Non-specific colorimetric method or sum of cholesterol and phytosterols.,
STGMD,stigmastadiene,,mg,,Added when handling USDA data,
STGSTR,"stigmasterol, unspecified",,mg,,From COST,
STID7,delta 7-stigmasterol,,mg,"USDA 638, SFK",Values reported as ``stigmasterol'' in food tables are usually a measure of the delta 7 form only.,
STID7911,"delta 7,9,11-stigmastadienol",,mg,,From EuroFIR,
STIGMA7,delta-7-stigmastenol,,mg,,Added when handling USDA data,
SUCAC,succinic acid,,mg,"USDA 250, SFK",,
SUCS,sucrose,,g,"USDA 210, SFK, DAN, SWD",,
SUCSM,sucrose; expressed in monosaccharide equivalents,,g,,,
SUGAD,"sugar, added",,g,,,
SUGAN,"sugars, natural",intrinsic,g,,From EuroFIR,
SUGAR,"sugars, total",,g,"USDA 269, SFK, DAN, SWD",Sum of free monosaccharides and disaccharides.,
SUGAR-,"sugars, total, expression unknown",,g,,Sum of free monosaccharides and disaccharides. The expression is unknown if by weight or in monosaccharide equivalent,
SUGARM,"sugars, total; expressed in monosaccharide equivalents",,g,MW,Sum of free monosaccharides and disaccharides expressed in monosaccharide equivalents.,
SUGIN,invert sugar,,g,SFK,Obsolete.,
SUGNRD,"sugars, non-reducing",,g,"USDA 270, SFK",Obsolete.,
SUGRD,"sugars, reducing",,g,"USDA 274, SFK",Obsolete.,
TAN,tannins,,mg,,,
TANGER,tangeretin,,mcg,,"A flavone with five methoxyl (CH3O) groups at C-5, C-6, C-7, C-8, and C-3'.",
TARAC,tartaric acid,,mg,"USDA 251, SFK",,
TAU,taurine,,mg,,Non-protein amino acid with sulfonic acid group (NCI).,
TAUN,Taurine,,mg/g nitrogen,,,
TETROSE,"tetrose, total",,mg,,Added when handling USDA data,
TF,"theaflavins, total",,mg,,Added when handling USDA data,
TFG3A,theaflavin -3 -gallate,,mcg,,,
TFG3AB,"theaflavin -3,3' -digallate",,mcg,,,
TFG3B,theaflavin -3' -gallate,,mcg,,,
TGLY,"triglycerides, total",,g,USDA 657,,
THEBRN,theobromine,,mg,"USDA 263, SFK",,
THEOPH,theophylline,,mg,,Added when handling USDA data,
THF,tetrahydrofolate,tetrahydrofolic acid,mcg,,Natural tetrahydrofolates occur only in the (6S)-form,
THGLLN,theogallin,,mg,,Added when handling USDA data,
THIA,thiamin,vitamin B-1; aneurin; thiamine,mg,"USDA 404, SFK, MW, ETH, IND, NE, EA, PRC, DAN, SWD",,
THIAD,"thiamin, added",,mg,,Added when handling USDA data,
THIN,"thiamin, natural",intrinsic,mg,,Added when handling USDA data,
THR,threonine,,mg,"USDA 502, SFK, ETH, NE, EA, DAN, SWD",Includes only L-threonine.,
THRN,threonine; expressed per quantity of nitrogen,,mg/g nitrogen,"MW, IND, WTH, NE, EA, DAN, SWD",,
THRP,threonine; expressed per quantity of protein,,mg/100 g protein,,,
TI,titanum,,mcg,,Non essential trace element. (From Slovak table),
TOCPHA,alpha-tocopherol,vitamin E,mg,"USDA 323, SFK, DAN, SWD",,
TOCPHB,beta-tocopherol,,mg,"USDA 341, SFK",,
TOCPHD,delta-tocopherol,,mg,"USDA 343, SFK",,
TOCPHG,gamma-tocopherol,,mg,"USDA 342, SFK",,
TOCPHT,Total tocopherol,,mcg,USDA (nutrient number?),,
TOCTRA,alpha-tocotrienol,,mg,"USDA 344, SFK, DAN",,
TOCTRB,beta-tocotrienol,,mg,"USDA 345, SFK",,
TOCTRD,delta-tocotrienol,,mg,USDA 347,,
TOCTRG,gamma-tocotrienol,,mg,"USDA 346, SFK",,
TOCTRT,"tocotrienols, total",,mg,,from EuroFIR,
TPHAC,"phenolic acids, total",,mg,,Added when handling USDA data,
TR,"thearubigins, total",,mg,,Added when handling USDA data,
TRES,trehalose,,g,,,
TRIOSE,"trioses, total",,mg,,Added when handling USDA data,
TRP,tryptophan,,mg,"USDA 501, SFK, ETH, NE, EA, DAN, SWD",Includes only L-tryptophan.,
TRPN,tryptophan; expressed per quantity of nitrogen,,mg/g nitrogen,"MW, IND, ETH, NE, EA, DAN, SWD",,
TRPP,tryptophan; expressed per quantity of protein,,mg/100 g protein,,,
TRYPN,tryptamine,,mg,SFK,,
TYR,tyrosine,,mg,"USDA 509, SFK, ETH, NE, EA, DAN, SWD",Includes only L-tyrosine.,
TYRA,tyramine,,mcg,,From EuroFIR,
TYRN,tyrosine; expressed per quantity of nitrogen,,mg/g nitrogen,"MW, IND, ETH, NE, EA, DAN, SWD",,
TYRP,tyrosine; expressed per quantity of protein,,mg/100 g protein,,,
TYRSOL,tyrosol,,mg,,Added when handling USDA data,
UNSAP,unsaponifiable matter,,g,"USDA 643, EA",,
URSOLAC,ursolic acid,,mg,,Added when handling USDA data,
V,vanadium,,mcg,"USDA 389, SFK",,
V4+,vanadium 4+,,mcg,,,
V5+,vanadium 5+,,mcg,,,
VAL,valine,,mg,"USDA 510, SFK, ETH, NE, EA, DAN, SWD",Includes only L-valine.,
VALN,valine; expressed per quantity of nitrogen,,mg/g nitrogen,"MW, IND, ETH, NE, EA, DAN, SWD",,
VALP,valine; expressed per quantity of protein,,mg/100 g protein,,,
VANAC,vannilic acid,,mg,,Added when handling USDA data,
VERS,verbascose,,g,,,
VERSM,verbascose; expressed in monosaccharide equivalents,,g,,Pentasaccharide,
VIT,"vitamins, total",,mg,,Added when handling USDA data,
VITA,vitamin A; calculated by summation of the vitamin A activities of retinol and the active carotenoids,retinol equivalents vitamin a vitamin a vitamin a vitamin a,mcg; IU,"USDA 392 and 318, ETH, IND, DAN",Total vitamin A activity = mcg retinol + 1/6 mcg beta-carotene + 1/12 mcg other provitamin A carotenoids.,
VITA-,vitamin A; method of determination unknown,,mcg; IU,,The <VITA-> tagname should be used if it is not known whether the vitamin A value was determined by bioassay or by calculation.,
VITAA,vitamin A; determined by bioassay,vitamin a rae iu,IU,,,
VITAACT,vitamin A acetate,,mcg,USDA 325,,
VITAPAL,vitamin A palmitate,,mcg,USDA 326,,
VITB12,vitamin B-12,cobalamin vitamin b12,mcg,"USDA 418, SFK, MW, ETH, IND, EA, PRC, DAN, SWD",Includes all the active forms of vitamin B-12 in food.,
VITB12D,"vitamin B-12, added",,mcg,,Added when handling USDA data,
VITB12N,"vitamin B-12, natural",intrinsic,mcg,,Added when handling USDA data,
VITB6-,"vitamin B-6, total; method of determination unknown variable",vitamin b6,mg,,The <VITB6-> tagname should be used if it is not known whether the vitamin B-6 value was determined by analysis or by calculation.,
VITB6A,"vitamin B-6, total; determined by analysis",vitamin b6,mg,"USDA 415, MW",,
VITB6C,"vitamin B-6, total; calculated by summation",vitamin b6 n411 n412 n413,mg,"USDA 414, SFK, MW, DAN",Pyridoxal plus pyridoxamine plus pyridoxine.,
VITC,vitamin C; ascorbic acid,ascorbic acid; ascorbate (note that these terms are not true synonyms but are often found in food tables to refer to vitamin C.),mg,"USDA 401, SFK, MW, ETH, IND, NE, EA, PRC, DAN",L-ascorbic acid plus L- dehydroascorbic acid.,
VITC-,vitamin C; method unknown or variable,,mg,,,
VITCD,"vitamin C, added",,mg,,Added when handling USDA data,
VITCN,"vitamin C, natural",intrinsic,mg,,Added when handling USDA data,
VITD,vitamin D; calculated by summation of ergocalciferol and cholecalciferol,calciferol d2 d3,mcg; IU,"USDA 324, MW",Ergocalciferol plus cholecalciferol.,
VITD-,vitamin D; method of determination unknown or variable,,mcg; IU,,The <VITD-> tagname should be used if it is not known whether the vitamin D value was determined by bioassay or by calculation.,
VITD4,vitamin D4 (22-dihydroergocalciferol),,mcg,,Added when handling USDA data,
VITDA,vitamin D; determined by bioassay,calciferol d2 d3 iu international units,IU,MW,,
VITDEQ,vitamin D3 + 5 x 25-hydroxycholecalciferol,,mcg,,Found in the McCance and Widdowson (British) and Danish tables,
VITE,vitamin E; calculated by summation of the vitamin E activities of the active tocopherols and tocotrienols; expressed as alpha-tocopherol equivalents,tocopherols tocotrienols,mg; IU,"USDA 340, MW","In addition to a value for the quantity of vitamin E expressed as alpha- tocopherol equivalents, <VITE> includes a description or listing of the conversion factors used to calculate this vitamin E value from the active tocopherols and tocotrienols. The conversion factors may be described by a keyword or may be listed using secondary tagnames within <VITE>. (More than one <VITE> tagname may exist for a single food item if the values were calculated from the active tocopherols and tocotrienols using different conversion factors.)","The 0.10 mg/100 g vitamin E value for fresh, whole cow's milk in the McCance and Widdowson food table represents alpha- tocopherol only. Consequently, the value 0.10 would be shown with the <TOCPHA> tagname, not the <VITE> tagname and the associated keyword:\n<TOCPHA> 0.10 </TOCPHA>\n\nIf a vitamin E value of 0.12, expressed in alpha-tocopherol equivalents, were calculated for whole cow's milk from the alpha-tocopherol, beta-tocopherol, gamma- tocopherol, and alpha-tocotrienol values, and the conversion factors used did not conform to any of the factors described by the available keywords, the vitamin E value would be listed using the <VITE> tagname and the <XBTP>, <XGTP>, and <XATT> secondary tagnames:\n<VITE> 0.12 <XBTP> 0.4 <XGTP> 0.1 <XATT> 0.25 </VITE>\nNote# In these examples, </VITE> and </TOCPHA> are end-tags required in interchange format to indicate the end of the vitamin E information. See the INFOODS Data Interchange Handbook for details on interchange format."
VITE-,"vitamin E, method of determination unknown or variable; expressed as alpha- tocopherol equivalents.",label entry vitamin e,mg; IU,,The <VITE-> tagname should be used if it is not known whether the vitamin E value was determined by bioassay or by calculation. It should also be used if it is known that the vitamin E value was determined by calculation but the conversion factors used in the calculation are not known.,
VITEA,vitamin E; determined by bioassay,,IU,,"Rarely used, not in major tables.",
VITED,"vitamin E, added",,mg,,Added when handling USDA data,
VITEN,"vitamin E, natural",intrinsic,mg,,Added when handling USDA data,
VITK,vitamin K,,mcg,"SFK, DAN, SWD",Vitamin K-1 plus vitamin K- 2.,
VITK1,vitamin K-1,phyllokinone phylloquinone,mcg,,,
VITK1D,dihydro-vitamin K-1,dihydrophylloquinone; vitamin K-1,mcg,,Use for vitamin K-1 hydroquinone. From EuroFIR,
VITK2,vitamin K-2,menakinone menaquinone,mcg,,,
WATER,water,moisture,g,"USDA 255, SFK, MW, ETH, EGP, IND, NE, EA, PRC, DAN, SWD",,
WAX,"wax, total",wax esters,mg,USDA 661,,
WHEY,whey protein,,mg,SFK,,
XACEAC,energy conversion factor for acetic acid,,kJ/g,,,
XALC,energy conversion factor for alcohol.,,kJ/g,,,
XATT,conversion factor for alpha-tocopherol equivalent of alpha-tocotrienol,,none,,,
XBCARTA,conversion factor for beta-carotene equivalent of alpha-carotene,,none,,By convention equals 1/2 or 0.5,
XBCARTG,conversion factor for beta-carotene equivalent of gamma-carotene,,none,,By convention equals 1/2 or 0.5,
XBCRYPXA,conversion factor for beta-carotene equivalent of alpha-cryptoxanthin,,none,,By convention equals 1/2 or 0.5,
XBCRYPXB,conversion factor for beta-carotene equivalent of beta-cryptoxanthin,,none,,By convention equals 1/2 or 0.5,
XBENAC,energy conversion factor for benzoic acid,,kJ/g,,,
XBTP,conversion factor for alpha-tocopherol equivalent of beta-tocopherol,,none,,,
XBTT,conversion factor for alpha-tocopherol equivalent of beta-tocotrienol,,none,,,
XCHOAVL,energy conversion factor for available carbohydrates by difference or by weight.,,kJ/g,,,
XCHOAVLM,energy conversion factor for available carbohydrates in monosaccharide equivalent.,,kJ/g,,,
XCHOCALOH,conversion factor for vitamin D activity of 25-hydroxycholecalciferol,,none,,By convention equals 5.,
XCHOCDF,energy conversion factor for total carbohydrates by difference.,,kJ/g,,"If this is used, no energy conversion factor for polyols or organic acids should be used (XS and XO) as included in total carbohydrates by difference.",
XCITAC,energy conversion factor for citric acid,,kJ/g,,,
XDTP,conversion factor for alpha-tocopherol equivalent of delta-tocopherol,,none,,,
XFAT,energy conversion factor for fat.,,kJ/g,,,
XFOLAC,conversion factor for dietary folate equivalent of synthetic folic acid,,none,,Conventionally 1.7,
XFUMAC,energy conversion factor for fumaric acid,,kJ/g,,,
XGTP,conversion factor for alpha-tocopherol equivalent of gamma-tocopherol,,none,,,
XGTT,conversion factor for alpha-tocopherol equivalent of gamma-tocotrienol,,none,,,
XGULDKAC,energy conversion factor for di-keto-cholanic acid,,kJ/g,,,
XINOTL,energy conversion factor for inositol,,kJ/g,,,
XISOCAC,energy conversion factor for iso-citric acid,,kJ/g,,,
XLACAC,energy conversion factor for lactic acid,,kJ/g,,,
XLACACD,energy conversion factor for D-lactic acid,,kJ/g,,,
XLACACL,energy conversion factor for L-lactic acid,,kJ/g,,,
XMALAC,energy conversion factor for malic acid,,kJ/g,,,
XMANTL,energy conversion factor for mannitol,,kJ/g,,,
XOA,energy conversion factor for organic acids,,kJ/g,,XO should only be used in conjunction with OA. It should not be used if energy conversion factors for individual organic acids are applied.,
XOXALAC,energy conversion factor for oxalic acid,,kJ/g,,,
XPHYTAC,energy conversion factor for phytic acid (phytin P),,kJ/g,,,
XPOLYL,energy conversion factor for total polyols,,kJ/g,,XS should only be used in conjunction with POLY. It should not be used if energy conversion factors for individual polyols are applied.,
XPROPAC,energy conversion factor for propionic acid,,kJ/g,,,
XPROT,energy conversion factor for protein.,,kJ/g,,,
XQUINAC,energy conversion factor for quinic acid,,kJ/g,,,
XRCARTG,conversion factor for RE of gamma-carotene,,none,,By convention equals 1/12 or 0.08.,
XRECARTA,conversion factor for RE of alpha-carotene,,none,,By convention equals 1/6 or 0.17,
XRECARTB,conversion factor for RE of beta-carotene,,none,,By convention equals 1/12 or 0.08.,
XRECARTBEQ,conversion factor for RE of beta-carotene equivalent,,none,,By convention equals 1/12 or 0.08.,
XRECRYPXA,conversion factor for RE of alpha-cryptoxanthin,,none,,By convention equals 1/12 or 0.08.,
XRECRYPXB,conversion factor for RE of beta-cryptoxanthin,,none,,By convention equals 1/12 or 0.08.,
XRETALD,conversion factor for retinol equivalent of retinaldehyde,,,,In the British table equals 0.9,
XRETOL13,conversion factor for retinol equivalent of 13-cis retinol,,,,In the British table equals 0.75,
XSALAC,energy conversion factor for salicylic acid,,kJ/g,,,
XSORTL,energy conversion factor for sorbitol,,kJ/g,,,
XSUCAC,energy conversion factor for succinic acid,,kJ/g,,,
XTARAC,energy conversion factor for tartaric acid,,kJ/g,,,
XTRP,conversion factor for niacin equivalent of tryptophan,,none,,Conventionally 1/60,
XXYLTL,energy conversion factor for xylitol,,kJ/g,,,
XYLFB,xylose in dietary fibre,,mg,,,
XYLN,xylan,,g,,,
XYLS,xylose,,g,SFK,D-xylose only; includes only the free monosaccharide.,
XYLTL,xylitol,,mg,SF,,
ZEA,zeaxanthin,,mcg,USDA,,
ZN,zinc,,mg,"USDA 309, MW, EA, PRC, DAN, SWD",,
